feature_id,feature_name,aliases,description,entrez_id,variants_ids,variants_names,source_ids,sources,sources_name
32,MEF2D,['MEF2D'],,4209,[3148],['MEF2D Rearrangement'],[],[],[]
33,CSF1R,"['BANDDOS', 'C-FMS', 'CD115', 'CSF-1R', 'CSF1R', 'CSFR', 'FIM2', 'FMS', 'GPSC', 'HDLS', 'HDLS1', 'M-CSF-R']",,1436,[3014],['Expression'],[],[],[]
34,MGMT,['MGMT'],,4255,"[2966, 85, 338, 1255]","['Expression', 'Promoter Methylation', 'RS16906252', 'Underexpression']",[],[],[]
36,NRAS,"['ALPS4', 'CMNS', 'KRAS', 'N-ras', 'NCMS', 'NRAS', 'NRAS1', 'NS6']","Mutations in the RAS family of proteins have frequently been observed across cancer types. The amino acid positions G12, G13 and Q61 account for the overwhelming majority of these mutations. The isoforms, despite their raw similarity, also behave very differently when expressed in non-native tissue types, likely due to differences in the C-terminal hyper-variable regions. Mis-regulation of isoform expression has been shown to be a driving event in cancer, as well as missense mutations at the three hotspots previously mentioned. While highly recurrent in cancer, targeting these RAS mutants has also been very elusive, and has not yet become common practice in the clinic.",4893,"[2550, 92, 596, 897, 878, 898, 1175, 895, 93, 896, 1317, 208, 1654, 94, 893, 427, 95, 96, 4465]","['Amplification', 'G12', 'G12/G13', 'G12C', 'G12D', 'G12S', 'G12V', 'G13C', 'G13D', 'G13R', 'G13V', 'Mutation', 'Q179X', 'Q61', 'Q61H', 'Q61K', 'Q61L', 'Q61R', 'Wildtype']",[],[],[]
37,PIK3CA,"['CCM4', 'CLAPO', 'CLOVE', 'CWS5', 'HMH', 'MCAP', 'MCM', 'MCMTC', 'PI3K', 'PI3K-alpha', 'PIK3CA', 'p110-alpha']","PIK3CA is the most recurrently mutated gene in breast cancer, and has been found to important in a number of cancer types. An integral part of the PI3K pathway, PIK3CA has long been described as an oncogene, with two main hotspots for activating mutations, the 542/545 region of the helical domain, and the 1047 region of the kinase domain. PIK3CA, and its interaction with the AKT and mTOR pathways, is the subject of an immense amount of research and development, and PI3K inhibition has seen some limited success in recent clinical trials. While monotherapies seem to be limited in their potential, there is a recent interest in pursuing PI3K inhibition as part of a combination therapy regiment with inhibition partners including TKI's, MEK inhibitors, PARP inhibitors, and in breast cancer, aromatase inhibitors.",5290,"[212, 931, 3337, 2789, 1653, 3338, 1399, 3293, 3336, 103, 933, 882, 934, 883, 104, 881, 884, 1500, 106, 105, 3667, 3437, 1501, 940, 939, 2788, 1151, 107, 938, 1235, 1234, 3666, 3669, 3670, 937, 936, 311, 3438, 930, 2362, 3458, 294, 886, 885, 887, 888, 5043, 1594, 929, 3434, 1178, 2790, 3222, 1499, 3668, 3001, 2590, 935]","['Amplification', 'C420R', 'C604R', 'C971R', 'D350G', 'D350N', 'D549N', 'D939G', 'E39K', 'E542K', 'E542Q', 'E545A', 'E545D', 'E545G', 'E545K', 'E545Q', 'E545V', 'E81K', 'Exon 10 Mutation', 'Exon 21 Mutation', 'F930S', 'G1007R', 'G1049A', 'G1049R', 'G1049S', 'G363A', 'H1047L', 'H1047R', 'H1047Y', 'I391M', 'K111N', 'K944N', 'K966E', 'L938*', 'M1043I', 'M1043V', 'Mutation', 'N1044K', 'N345K', 'Overexpression', 'P447_L455del', 'P471L', 'Q546E', 'Q546K', 'Q546P', 'Q546R', 'Q75E', 'R1023Q', 'R88Q', 'R93Q', 'R93W', 'R975S', 'Rare Mutation', 'S158L', 'V955G', 'V955I', 'Wildtype', 'Y1021C']",[],[],[]
46,TSC1,"['LAM', 'TSC', 'TSC1']",,7248,"[124, 125, 714, 4463]","['Frameshift Truncation', 'Loss-of-function', 'R1062W', 'mutation']",[],[],[]
47,TSC2,"['LAM', 'PPP1R160', 'TSC2', 'TSC4']",,7249,"[3802, 2171, 469, 4464]","['D1734E', 'Loss-of-function', 'Q1178*', 'mutation']",[],[],[]
49,WT1,"['AWT1', 'GUD', 'NPHS4', 'WAGR', 'WIT-2', 'WT-1', 'WT1', 'WT33']","WT1 is a tumor suppressor gene associated with the development of Wilms' Tumor, from which it was named. Mutations in exon 7 and 9 of WT1 have been recurrently identified in acute myeloid leukemia and associated with poorer prognosis and chemotherapy resistance.",7490,"[129, 130, 3127]","['Exon 7 Mutation', 'Exon 9 Mutation', 'Mutations']",[],[],[]
51,DDR2,"['DDR2', 'MIG20a', 'NTRKR3', 'TKT', 'TYRO10', 'WRCN']",,4921,"[141, 142, 144, 3597, 143, 140, 139, 3598, 145]","['G253C', 'G505S', 'G774V', 'High expression', 'I638F', 'L239R', 'L63V', 'Overexpression', 'S768R']",[],[],[]
53,FLI1,"['BDPLT21', 'EWSR2', 'FLI-1', 'FLI1', 'SIC-1']",,2313,[],[],[],[],[]
55,TET2,"['IMD75', 'KIAA1546', 'MDS', 'TET2']",,54790,"[4476, 157]","['E796K', 'Mutation']",[],[],[]
56,FOXP1,"['12CC4', 'FOXP1', 'HSPC215', 'MFH', 'QRF1', 'hFKH1B']",,27086,[153],['AMPLIFICATION'],[],[],[]
57,REL,"['C-Rel', 'HIVEN86A', 'IMD92', 'REL']",,5966,[154],['AMPLIFICATION'],[],[],[]
59,BCL2,"['BCL2', 'Bcl-2', 'PPP1R50']",,596,"[3030, 3062, 3061, 3058, 3082, 3028, 3027, 3026, 2960, 3031, 2233, 152, 3029, 3060, 4429, 3059, 151]","['A113G', 'D103E', 'D103V', 'D103Y', 'F104I', 'F104L', 'F104S', 'G101A', 'G101V', 'L119V', 'Mutation', 'Overexpression', 'R107_R110dup', 'R129L', 'Translocation', 'V156D', 'reg_e@[IGH]::BCL2']",[],[],[]
60,IGF2,"['C11orf43', 'GRDF', 'IGF-II', 'IGF2', 'PP9974', 'SRS3']",,3481,[156],['Overexpression'],[],[],[]
61,AURKA,"['AIK', 'ARK1', 'AURA', 'AURKA', 'BTAK', 'PPP1R47', 'STK15', 'STK6', 'STK7']",,6790,"[180, 158, 181]","['Amplification', 'EXPRESSION', 'Overexpression']",[],[],[]
62,PBRM1,"['BAF180', 'PB1', 'PBRM1', 'RCC', 'SMARCH1']",,55193,"[2705, 161]","['Loss-of-function', 'Mutation']",[],[],[]
63,EZH2,"['ENX-1', 'ENX1', 'EZH2', 'EZH2b', 'KMT6', 'KMT6A', 'WVS', 'WVS2']",,2146,"[4415, 4414, 3737, 3605, 257, 163, 291, 3604, 165, 3607, 2989, 3364, 4090, 2666, 3606, 4416]","['A682G', 'A692V', 'Activating Mutation', 'C576W', 'Intron 6 Mutation', 'Mutation', 'Overexpression', 'R690C', 'Y646', 'Y646C', 'Y646F', 'Y646H', 'Y646N', 'Y646S', 'Y731D', 'expression']",[],[],[]
64,KMT2D,"['AAD10', 'ALR', 'BCAHH', 'CAGL114', 'KABUK1', 'KMS', 'KMT2D', 'MLL2', 'MLL4', 'TNRC21']",,8085,"[2234, 167, 4768]","['Loss', 'Loss-of-function', 'mutation']",[],[],[]
65,BTK,"['AGMX1', 'AT', 'ATK', 'BPK', 'BTK', 'IGHD3', 'IMD1', 'PSCTK1', 'XLA']",,695,"[4017, 168, 4016, 3319, 2169, 870]","['C481R', 'C481S', 'C481Y', 'Expression', 'MUTATION', 'T316A']",[],[],[]
66,APC,"['APC', 'BTPS2', 'DESMD', 'DP2', 'DP2.5', 'DP3', 'GS', 'PPP1R46']",,324,[174],['Mutation'],[],[],[]
67,AR,"['AIS', 'AR', 'AR8', 'DHTR', 'HUMARA', 'HYSP1', 'KD', 'NR3C4', 'SBMA', 'SMAX1', 'TFM']",,367,"[3708, 3718, 3725, 3460, 3706, 3713, 3707, 175, 3714, 3705, 3717, 600, 3719, 359, 3415, 3711, 3712, 3726, 3716, 3709, 3710, 3723, 478, 3459, 3461, 362, 3721, 3722, 2159, 176, 3724]","['A234T', 'A748V', 'A765T', 'AR alternative transcripts', 'D221H', 'D528G', 'E198G', 'F877L', 'K720E', 'L57Q', 'L744F', 'Mutation', 'N756D', 'OVEREXPRESSION', 'Overexpression of AR-V9', 'P340L', 'P504L', 'Q798E', 'R726L', 'S296R', 'S334P', 'S759P', 'SPLICE VARIANT 7', 'V1 expression', 'V567es expression', 'V7 EXPRESSION', 'V757A', 'V757I', 'V9 EXPRESSION', 'W742', 'Y763C']",[],[],[]
68,ASXL1,"['ASXL1', 'BOPS', 'MDS']",,171023,"[557, 177]","['EXON 12 MUTATION', 'Mutation']",[],[],[]
71,ERG,"['ERG', 'LMPHM14', 'erg-3', 'p55']",,2078,[4317],['Deletion'],[],[],[]
72,FOXL2,"['BPES', 'BPES1', 'FOXL2', 'PFRK', 'PINTO', 'POF3']",,668,[198],['C134W'],[],[],[]
73,IKZF1,"['CVID13', 'Hs.54452', 'IK1', 'IKAROS', 'IKZF1', 'LYF1', 'LyF-1', 'PPP1R92', 'PRO0758', 'ZNFN1A1']",,10320,"[2579, 200, 2744]","['D186fs (c.556del)', 'Deletion', 'Loss-of-function']",[],[],[]
74,NCOA3,"['ACTR', 'AIB-1', 'AIB1', 'CAGH16', 'CTG26', 'KAT13B', 'NCOA3', 'RAC3', 'SRC-3', 'SRC3', 'TNRC14', 'TNRC16', 'TRAM-1', 'bHLHe42', 'pCIP']",,8202,"[204, 205]","['AMPLIFICATION', 'OVEREXPRESSION']",[],[],[]
76,PGR,"['NR3C3', 'PGR', 'PR']",,5241,[210],['Expression'],[],[],[]
77,SMAD4,"['DPC4', 'JIP', 'MADH4', 'MYHRS', 'SMAD4']",,4089,"[2852, 3959, 2858, 646, 2853, 3521, 533, 3523, 3522, 3520, 3803, 564, 2415, 216, 2851, 3519, 282]","['D351H', 'D493H', 'D537Y', 'Deletion', 'E330A', 'E330K', 'Expression', 'G252*', 'G386D', 'G419V', 'H132Y', 'LOSS', 'Loss-of-function', 'Mutation', 'R361C', 'R496H', 'Underexpression']",[],[],[]
78,SMARCA4,"['BAF190', 'BAF190A', 'BRG1', 'CSS4', 'MRD16', 'OTSC12', 'RTPS2', 'SMARCA4', 'SNF2', 'SNF2-beta', 'SNF2L4', 'SNF2LB', 'SWI2', 'hSNF2b']",,6597,"[218, 2644, 217, 349]","['INACTIVATING MUTATION', 'Loss', 'Mutation', 'Underexpression']",[],[],[]
79,TERT,"['CMM9', 'DKCA2', 'DKCB4', 'EST2', 'PFBMFT1', 'TCS1', 'TERT', 'TP2', 'TRT', 'hEST2', 'hTRT']",,7015,"[219, 248, 4004, 1256, 220, 421, 4466]","['Amplification', 'C228T', 'C250T', 'Overexpression', 'Promoter Mutation', 'RS2736100', 'c.-124C.T']",[],[],[]
80,TTF1,"['TTF-1', 'TTF-I', 'TTF1']",,7270,[224],['AMPLIFICATION'],[],[],[]
101,ABL2,"['ABL2', 'ABLL', 'ARG']",,27,"[3688, 3689]","['W469C', 'Y399C']",[],[],[]
128,ACTA1,"['ACTA', 'ACTA1', 'ASMA', 'CFTD', 'CFTD1', 'CFTDM', 'CMYO2A', 'CMYO2B', 'CMYO2C', 'CMYP2A', 'CMYP2B', 'CMYP2C', 'MPFD', 'NEM1', 'NEM2', 'NEM3', 'SHPM']",,58,[546],['EXPRESSION'],[],[],[]
130,ACTB,"['ACTB', 'BKRNS', 'BNS', 'BRWS1', 'CSMH', 'DDS1', 'PS1TP5BP1', 'THC8']",,60,[4805],['Mutation'],[],[],[]
150,ACTL6A,"['ACTL6', 'ACTL6A', 'ARPN-BETA', 'Arp4', 'BAF53A', 'INO80K', 'SMARCN1']",,86,[3243],['Overexpression'],[],[],[]
154,ACVR1,"['ACTRI', 'ACVR1', 'ACVR1A', 'ACVRLK2', 'ALK2', 'FOP', 'SKR1', 'TSRI']",,90,"[2283, 1686, 2280, 3662, 2061, 2983, 3661, 2275]","['G328E', 'G328V', 'G328W', 'G356D', 'Gain-of-Function', 'Mutation', 'R206H', 'R258G']",[],[],[]
199,PARP1,"['ADPRT', 'ADPRT 1', 'ADPRT1', 'ARTD1', 'PARP', 'PARP-1', 'PARP1', 'PARS', 'PPOL', 'Poly-PARP', 'pADPRT-1']",,142,[2586],['OVEREXPRESSION'],[],[],[]
221,AEBP1,"['ACLP', 'AEBP1']",,165,[1259],['Overexpression'],[],[],[]
254,AKT2,"['AKT2', 'HIHGHH', 'PKBB', 'PKBBETA', 'PRKBB', 'RAC-BETA']",,208,"[635, 278, 4221, 4990]","['Amplification', 'EXPRESSION', 'L78_Q79ins', 'Mutation']",[],[],[]
259,ALCAM,"['ALCAM', 'CD166', 'MEMD']",,214,[356],['EXPRESSION'],[],[],[]
327,ANXA2,"['ANX2', 'ANX2L4', 'ANXA2', 'CAL1H', 'HEL-S-270', 'LIP2', 'LPC2', 'LPC2D', 'P36', 'PAP-IV']",,302,[],[],[],[],[]
353,BIRC3,"['AIP1', 'API2', 'BIRC3', 'CIAP2', 'HAIP1', 'HIAP1', 'IAP-1', 'MALT2', 'MIHC', 'RNF49', 'c-IAP2']",,330,"[590, 4774]","['TRUNCATING MUTATION', 'mutation']",[],[],[]
355,BIRC5,"['API4', 'BIRC5', 'EPR-1']",,332,"[368, 578]","['NUCLEAR EXPRESSION', 'Overexpression']",[],[],[]
375,FAS,"['ALPS1A', 'APO-1', 'APT1', 'CD95', 'FAS', 'FAS1', 'FASTM', 'TNFRSF6']",,355,[4813],['Mutation'],[],[],[]
389,AREG,"['AR', 'AREG', 'AREGB', 'CRDGF', 'SDGF']",,374,[315],['Expression'],[],[],[]
399,RHOA,"['ARH12', 'ARHA', 'EDFAOB', 'RHO12', 'RHOA', 'RHOH12']",,387,[665],['MUTATION'],[],[],[]
436,ASCL1,"['ASCL1', 'ASH1', 'HASH1', 'MASH1', 'bHLHa46']",,429,[2594],['EXPRESSION'],[],[],[]
446,ASNS,"['ASNS', 'ASNSD', 'TS11']",,440,[409],['Amplification'],[],[],[]
450,ASS1,"['ASS', 'ASS1', 'CTLN1']",,445,[2230],['Loss'],[],[],[]
519,ATP7B,"['ATP7B', 'PWD', 'WC1', 'WD', 'WND']",,540,[5108],['Expression'],[],[],[]
524,ATR,"['ATR', 'FCTCS', 'FRP1', 'MEC1', 'SCKL', 'SCKL1']",,545,"[271, 5068]","['I774FS', 'Loss-of-function']",[],[],[]
525,ATRX,"['ATRX', 'JMS', 'MRX52', 'RAD54', 'RAD54L', 'XH2', 'XNP', 'ZNF-HX']",,546,"[3309, 4269, 3203, 648]","['Deletion', 'Loss-of-function', 'Mutation', 'Underexpression']",[],[],[]
533,AXL,"['ARK', 'AXL', 'AXL3', 'JTK11', 'Tyro7', 'UFO']",,558,[651],['EXPRESSION'],[],[],[]
537,B2M,"['AMYLD6', 'B2M', 'IMD43', 'MHC1D4']",,567,"[5040, 5041, 2692, 616]","['High Expression', 'Loss', 'Mutation', 'S14FS']",[],[],[]
549,BARD1,['BARD1'],,580,"[2238, 2219, 4440]","['ISOFORM EXPRESSION', 'Loss-of-function', 'Mutation']",[],[],[]
550,BAX,"['BAX', 'BCL2L4']",,581,[4477],['L76R'],[],[],[]
566,BCL6,"['BCL5', 'BCL6', 'BCL6A', 'LAZ3', 'ZBTB27', 'ZNF51']",,604,"[4811, 4430]","['Mutation', 'Translocation']",[],[],[]
567,BCL7A,"['BCL7', 'BCL7A', 'SMARCJ1']",,605,[4755],['mutation'],[],[],[]
570,TNFRSF17,"['BCM', 'BCMA', 'CD269', 'TNFRSF13A', 'TNFRSF17']",,608,[3305],['Gain'],[],[],[]
588,CEACAM1,"['BGP', 'BGP1', 'BGPI', 'CEACAM1']",,634,"[3474, 3475]","['CEACAM1-L', 'CEACAM1-S']",[],[],[]
593,PRDM1,"['BLIMP-1', 'BLIMP1', 'PRDI-BF1', 'PRDM1']",,639,[644],['MUTATION'],[],[],[]
594,BLK,"['BLK', 'MODY11']",,640,[3320],['Expression'],[],[],[]
608,BMP7,"['BMP7', 'OP-1']",,655,[4769],['mutation'],[],[],[]
625,ZFP36L1,"['BRF1', 'Berg36', 'ERF-1', 'ERF1', 'RNF162B', 'TIS11B', 'ZFP36L1', 'cMG1']",,677,[4874],['Mutation'],[],[],[]
634,KLF5,"['BTEB2', 'CKLF', 'IKLF', 'KLF5']",,688,"[4306, 4307]","['E419K', 'E419Q']",[],[],[]
638,BTG1,"['APRO2', 'BTG1']",,694,[4814],['Mutation'],[],[],[]
732,CALR,"['CALR', 'CALR1', 'CRT', 'HEL-S-99n', 'RO', 'SSA', 'cC1qR']",,811,"[559, 2388]","['EXON 9 FRAMESHIFT', 'Mutation']",[],[],[]
761,CASP8,"['ALPS2B', 'CAP4', 'CASP8', 'Casp-8', 'FLICE', 'MACH', 'MCH5']",,841,"[650, 346]","['D302H', 'Overexpression']",[],[],[]
778,CBL,"['C-CBL', 'CBL', 'CBL2', 'FRA11B', 'NSLL', 'RNF55']",,867,"[4323, 2699, 2700, 2701, 2702, 2703, 2638, 3267]","['H94Y', 'Mutation', 'Q294E', 'S80N', 'V391I', 'W802*', 'Y371H', 'c.1477C>T']",[],[],[]
779,CBLB,"['ADMIO3', 'CBLB', 'Cbl-b', 'Nbla00127', 'RNF56']",,868,[643],['RS2305035'],[],[],[]
781,SERPINH1,"['AsTP3', 'CBP1', 'CBP2', 'HSP47', 'OI10', 'PIG14', 'PPROM', 'RA-A47', 'SERPINH1', 'SERPINH2', 'gp46']",,871,[],[],[],[],[]
826,CD19,"['B4', 'CD19', 'CVID3']",,930,[3511],"['delta-ex2, delta-ex5-6']",[],[],[]
827,MS4A1,"['B1', 'Bp35', 'CD20', 'CVID5', 'FMC7', 'LEU-16', 'MS4A1', 'S7']",,931,[4018],['Mutation'],[],[],[]
855,CD44,"['CD44', 'CDW44', 'CSPG8', 'ECM-III', 'ECMR-III', 'H-CAM', 'HCELL', 'HUTCH-1', 'HUTCH-I', 'Hermes-1', 'IN', 'LHR', 'MC56', 'MDU2', 'MDU3', 'MIC4', 'Pgp1']",,960,"[3385, 341, 3386, 3373, 3388, 3387, 3369, 3368, 3367]","['CD44s', 'CD44s Expression', 'CD44v5 and CD44v6', 'CD44v6', 'CD44v6 and CD44v10', 'CD44v6+/CD44s-', 'CD44v8-10', 'CD44v9', 'CD4v8-v10 and CD44v3-v10']",[],[],[]
859,CD58,"['CD58', 'LFA-3', 'LFA3', 'ag3']",,965,[4818],['Mutation'],[],[],[]
864,CD70,"['CD27-L', 'CD27L', 'CD27LG', 'CD70', 'LPFS3', 'TNFSF7', 'TNLG8A']",,970,[4820],['Mutation'],[],[],[]
868,CD79B,"['AGM6', 'B29', 'CD79B', 'IGB', 'Igbeta']",,974,[3052],['MUTATION'],[],[],[]
888,CDH1,"['Arc-1', 'BCDS1', 'CD324', 'CDH1', 'CDHE', 'ECAD', 'LCAM', 'UVO']",,999,"[4402, 664, 4404, 4403]","['A298T', 'MUTATION', 'R732Q', 'W409R']",[],[],[]
906,CDK2,"['CDK2', 'CDKN2', 'p33(CDK2)']",,1017,[1283],['CYTOPLASMIC EXPRESSION'],[],[],[]
908,CDK5,"['CDK5', 'LIS7', 'PSSALRE']",,1020,[2993],['Expression'],[],[],[]
912,CDK9,"['C-2k', 'CDC2L4', 'CDK9', 'CTK1', 'PITALRE', 'TAK']",,1025,[2584],['Overexpression'],[],[],[]
913,CDKN1A,"['CAP20', 'CDKN1', 'CDKN1A', 'CIP1', 'MDA-6', 'P21', 'SDI1', 'WAF1', 'p21CIP1']",,1026,"[355, 3313, 2671, 3314]","['EXPRESSION', 'rs1059234', 'rs1801270', 'rs1801270 and rs1059234']",[],[],[]
914,CDKN1B,"['CDKN1B', 'CDKN4', 'KIP1', 'MEN1B', 'MEN4', 'P27KIP1']",,1027,"[360, 372]","['CYTOPLASMIC MISLOCALIZATION', 'EXPRESSION']",[],[],[]
916,CDKN2B,"['CDK4I', 'CDKN2B', 'INK4B', 'MTS2', 'P15', 'TP15', 'p15INK4b']",,1030,"[4314, 555, 784]","['Deletion', 'Loss', 'METHYLATION']",[],[],[]
927,CDX2,"['CDX-3', 'CDX2', 'CDX2/AS', 'CDX3']",,1045,[410],['EXPRESSION'],[],[],[]
938,CENPA,"['CENP-A', 'CENPA', 'CenH3']",,1058,[],[],[],[],[]
976,CHD1,"['CHD-1', 'CHD1', 'PILBOS']",,1105,[],[],[],[],[]
981,CHEK1,"['CHEK1', 'CHK1', 'OZEMA21']",,1111,"[4441, 1693]","['Mutation', 'Overexpression']",[],[],[]
1193,CREBBP,"['CBP', 'CREBBP', 'KAT3A', 'MKHK1', 'RSTS', 'RSTS1']",,1387,"[856, 5104, 4821, 5105]","['Deletion', 'HAT mutation', 'Mutation', 'R1446C']",[],[],[]
1204,CRKL,['CRKL'],,1399,[2397],['Amplification'],[],[],[]
1234,CSF1,"['CSF-1', 'CSF1', 'MCSF', 'PG-M-CSF']",,1435,[858],['Overexpression'],[],[],[]
1239,CSF3R,"['CD114', 'CSF3R', 'GCSFR', 'SCN7']",,1441,"[560, 2387]","['Mutation', 'T618I']",[],[],[]
1278,CTAG1B,"['CT6.1', 'CTAG', 'CTAG1', 'CTAG1B', 'ESO1', 'LAGE-2', 'LAGE2B', 'NY-ESO-1']",,1485,[1273],['Overexpression'],[],[],[]
1281,CTBP2,['CTBP2'],,1488,[],[],[],[],[]
1283,CCN2,"['CCN2', 'CTGF', 'HCS24', 'IBP-8', 'IGFBP8', 'NOV2']",,1490,[2985],['Overexpression'],[],[],[]
1285,CTLA4,"['ALPS5', 'CD', 'CD152', 'CELIAC3', 'CTLA-4', 'CTLA4', 'GRD4', 'GSE', 'IDDM12']",,1493,[2163],['EXPRESSION'],[],[],[]
1290,CTNNB1,"['CTNNB', 'CTNNB1', 'EVR7', 'MRD19', 'NEDSDV', 'armadillo']",,1499,"[1296, 3256, 2047, 2892, 3492, 3253, 2576, 3255, 3254, 2281, 1286, 1287, 1285]","['Activating Mutation', 'D32Y', 'Exon 3 Deletion', 'Exon 3 Mutation', 'G34E', 'G34R', 'G34V', 'I35K', 'S33F', 'S37C', 'S45F', 'S45P', 'T41A']",[],[],[]
1342,CYP2D6,"['CPD6', 'CYP2D', 'CYP2D6', 'CYP2D7AP', 'CYP2D7BP', 'CYP2D7P2', 'CYP2D8P2', 'CYP2DL1', 'CYPIID6', 'P450-DB1', 'P450C2D', 'P450DB1']",,1565,[721],['Loss-of-function'],[],[],[]
1376,DGKA,"['DAGK', 'DAGK1', 'DGK-alpha', 'DGKA']",,1606,[],[],[],[],[]
1390,DBI,"['ACBD1', 'ACBP', 'CCK-RP', 'DBI', 'EP']",,1622,[2254],['PROMOTER DEMETHYLATION'],[],[],[]
1396,DCC,"['CRC18', 'CRCR1', 'DCC', 'HGPPS2', 'IGDCC1', 'MRMV1', 'NTN1R1']",,1630,[1284],['EXPRESSION'],[],[],[]
1411,GADD45A,"['DDIT1', 'GADD45', 'GADD45A']",,1647,[705],['rs681673'],[],[],[]
1417,DDX3X,"['CAP-Rf', 'DBX', 'DDX14', 'DDX3', 'DDX3X', 'HLP2', 'MRX102', 'MRXSSB']",,1654,"[4752, 4828]","['D347G', 'Mutation']",[],[],[]
1428,DEFA1,"['DEF1', 'DEFA1', 'DEFA2', 'HNP-1', 'HP-1', 'HP1', 'MRS']",,1667,[328],['EXPRESSION'],[],[],[]
1463,NQO1,"['DHQU', 'DIA4', 'DTD', 'NMOR1', 'NMORI', 'NQO1', 'QR1']",,1728,"[401, 402]","['EXPRESSION', 'P187S']",[],[],[]
1510,DNMT1,"['ADCADN', 'AIM', 'CXXC9', 'DNMT', 'DNMT1', 'HSN1E', 'MCMT', 'm.HsaI']",,1786,[335],['EXPRESSION'],[],[],[]
1526,DPYD,"['DHP', 'DHPDHASE', 'DPD', 'DPYD', 'DYPD']",,1806,"[738, 737, 2893, 740]","['DPYD*13 HOMOZYGOSITY', 'DPYD*2A HOMOZYGOSITY', 'EXON 11-19 DELETION', 'RS67376798 HOMOZYGOSITY']",[],[],[]
1532,DRD1,"['D1R', 'DADR', 'DRD1', 'DRD1A']",,1812,[],[],[],[],[]
1536,DRD5,"['DBDR', 'DRD1B', 'DRD1L2', 'DRD5']",,1816,[2814],['low expression'],[],[],[]
1559,DTX1,"['DTX1', 'RNF140', 'hDx-1']",,1840,[4829],['Mutation'],[],[],[]
1563,DUSP2,"['DUSP2', 'PAC-1', 'PAC1']",,1844,[4830],['Mutation'],[],[],[]
1567,DUSP6,"['DUSP6', 'HH19', 'MKP3', 'PYST1']",,1848,[398],['EXPRESSION'],[],[],[]
1590,EBF1,"['COE1', 'EBF', 'EBF1', 'O/E-1', 'OLF1']",,1879,[4831],['Mutation'],[],[],[]
1603,S1PR1,"['CD363', 'CHEDG1', 'D1S3362', 'ECGF1', 'EDG-1', 'EDG1', 'S1P1', 'S1PR1']",,1901,[4803],['Mutation'],[],[],[]
1604,LPAR1,"['EDG2', 'Gpcr26', 'LPA1', 'LPAR1', 'Mrec1.3', 'VZG1', 'edg-2', 'rec.1.3', 'vzg-1']",,1902,[],[],[],[],[]
1627,EFNA2,"['EFNA2', 'ELF-1', 'EPLG6', 'HEK7-L', 'LERK-6', 'LERK6']",,1943,[319],['EXPRESSION'],[],[],[]
1634,EGF,"['EGF', 'HOMG4', 'URG']",,1950,[342],['EXPRESSION'],[],[],[]
1646,EIF1AX,"['EIF1A', 'EIF1AP1', 'EIF1AX', 'EIF4C', 'eIF-1A', 'eIF-4C']",,1964,[674],['MUTATION'],[],[],[]
1651,EIF4A1,"['DDX2A', 'EIF-4A', 'EIF4A', 'EIF4A1', 'eIF-4A-I', 'eIF4A-I']",,1973,[4770],['mutation'],[],[],[]
1655,EIF4EBP1,"['4E-BP1', '4EBP1', 'BP-1', 'EIF4EBP1', 'PHAS-I']",,1978,[387],['PHOSPHORYLATION'],[],[],[]
1701,SLC29A1,"['AUG', 'ENT1', 'SLC29A1', 'hENT1']",,2030,[3728],['Overexpression'],[],[],[]
1704,EP300,"['EP300', 'KAT3B', 'MKHK2', 'RSTS2', 'p300']",,2033,"[2676, 4822, 3456]","['G1506V', 'Mutation', 'Y1414C']",[],[],[]
1705,EPAS1,"['ECYT4', 'EPAS1', 'HIF2A', 'HLF', 'MOP2', 'PASD2', 'bHLHe73']",,2034,[435],['Overexpression'],[],[],[]
1719,EPHB2,"['BDPLT22', 'CAPB', 'DRT', 'EK5', 'EPHB2', 'EPHT3', 'ERK', 'Hek5', 'PCBC', 'Tyro5']",,2048,"[2673, 2670]","['D679N (c.2035G>A)', 'EPHB2']",[],[],[]
1721,EPHB4,"['CMAVM2', 'EPHB4', 'HFASD', 'HTK', 'LMPHM7', 'MYK1', 'TYRO11']",,2050,[381],['EXPRESSION'],[],[],[]
1728,EPOR,"['EPO-R', 'EPOR']",,2057,[2588],['Overexpression'],[],[],[]
1733,ERBB3,"['ERBB3', 'ErbB-3', 'FERLK', 'HER3', 'LCCS2', 'MDA-BF-1', 'VSCN1', 'c-erbB-3', 'c-erbB3', 'erbB3-S', 'p180-ErbB3', 'p45-sErbB3', 'p85-sErbB3']",,2065,"[1217, 3495, 361, 703, 4630, 289, 1218, 702, 3498, 701, 781]","['A232V', 'D297Y', 'EXPRESSION', 'G284R', 'Mutation', 'Overexpression', 'P262H', 'R103G', 'R1202W', 'V104M', 'V855A']",[],[],[]
1735,ERCC1,"['COFS4', 'ERCC1', 'RAD10', 'UV20']",,2067,"[329, 2410, 2409]","['Expression', 'Overexpression', 'Underexpression']",[],[],[]
1737,EREG,"['EPR', 'ER', 'EREG', 'Ep']",,2069,[318],['EXPRESSION'],[],[],[]
1741,ERCC5,"['COFS3', 'ERCC5', 'ERCC5-201', 'ERCM2', 'UVDR', 'XPG', 'XPGC']",,2073,[255],['RS751402'],[],[],[]
1742,ERCC6,"['ARMD5', 'CKN2', 'COFS', 'COFS1', 'CSB', 'CSB-PGBD3', 'ERCC6', 'POF11', 'RAD26', 'UVSS1']",,2074,[5119],['Overexpression'],[],[],[]
1753,ESR2,"['ER-BETA', 'ESR-BETA', 'ESR2', 'ESRB', 'ESTRB', 'Erb', 'NR3A2', 'ODG8']",,2100,"[3481, 3477, 3478]","['alternative transcripts', 'beta-2 and beta-5', 'underexpression beta-1']",[],[],[]
1762,ETS1,"['ETS-1', 'ETS1', 'EWSR2', 'c-ets-1', 'p54']",,2113,[4824],['Mutation'],[],[],[]
1763,ETS2,"['ETS2', 'ETS2IT1']",,2114,[445],['RS461155'],[],[],[]
1764,ETV1,"['ER81', 'ETV1']",,2115,[1877],['Overexpression'],[],[],[]
1767,ETV4,"['E1A-F', 'E1AF', 'ETV4', 'PEA3', 'PEAS3']",,2118,[653],['Overexpression'],[],[],[]
1768,ETV5,"['ERM', 'ETV5']",,2119,[1878],['Overexpression'],[],[],[]
1769,ETV6,"['ETV6', 'TEL', 'TEL/ABL', 'THC5']",,2120,"[2567, 3679, 813, 812, 811, 3678]","['Mutation', 'N385_R418del', 'P214L', 'R369Q', 'R399C', 'R418G']",[],[],[]
1771,MECOM,"['AML1-EVI-1', 'EVI1', 'KMT8E', 'MDS1', 'MDS1-EVI1', 'MECOM', 'PRDM3', 'RUSAT2']",,2122,"[3139, 3524]","['Overexpression', 't(3;21)(q26.2;q22)']",[],[],[]
1796,F9,"['F9', 'F9 p22', 'FIX', 'HEMB', 'P19', 'PTC', 'THPH8']",,2158,[],[],[],[],[]
1810,FANCA,"['FA', 'FA-H', 'FA1', 'FAA', 'FACA', 'FAH', 'FANCA', 'FANCH']",,2175,[2165],['S1088F'],[],[],[]
1811,FANCC,"['FA3', 'FAC', 'FACC', 'FANCC']",,2176,[534],['Loss-of-function'],[],[],[]
1827,FAT1,"['CDHF7', 'CDHR8', 'FAT', 'FAT1', 'ME5', 'hFat1']",,2195,[5080],['Loss'],[],[],[]
1842,FCGR2A,"['CD32', 'CD32A', 'CDw32', 'FCG2', 'FCGR2', 'FCGR2A', 'FCGR2A1', 'FcGR', 'FcgammaRIIa', 'IGFR2']",,2212,[456],['H167R'],[],[],[]
1843,FCGR2B,"['CD32', 'CD32B', 'FCG2', 'FCGR2', 'FCGR2B', 'FCGR2C', 'FcGRIIB', 'FcRII-c', 'FcgammaRIIb', 'IGFR2']",,2213,[458],['I232T'],[],[],[]
1844,FCGR3A,"['CD16', 'CD16-II', 'CD16A', 'FCG3', 'FCGR3', 'FCGR3A', 'FCGRIII', 'FCR-10', 'FCRIII', 'FCRIIIA', 'FcGRIIIA', 'IGFR3', 'IMD20']",,2214,[457],['F212V'],[],[],[]
1872,FGF2,"['BFGF', 'FGF-2', 'FGF2', 'FGFB', 'HBGF-2']",,2247,[673],['EXPRESSION'],[],[],[]
1883,FGF13,"['DEE90', 'FGF-13', 'FGF13', 'FGF2', 'FHF-2', 'FHF2', 'LINC00889', 'XLID110']",,2258,[447],['CYTOPLASMIC EXPRESSION'],[],[],[]
1887,FGFR4,"['CD334', 'FGFR4', 'JTK2', 'TKF']",,2264,"[2907, 3215, 3216, 2167, 3217]","['Amplification', 'G636C', 'N535K', 'Overexpression', 'V550E']",[],[],[]
1911,FOXF1,"['ACDMPV', 'FKHL5', 'FOXF1', 'FREAC1']",,2294,[3307],['Overexpression'],[],[],[]
1920,FOXC2,"['FKHL14', 'FOXC2', 'LD', 'MFH-1', 'MFH1']",,2303,[3006],['Overexpression'],[],[],[]
1925,FOXO1,"['FKH1', 'FKHR', 'FOXO1', 'FOXO1A']",,2308,[4758],['mutation'],[],[],[]
1926,FOXO3,"['AF6q21', 'FKHRL1', 'FKHRL1P2', 'FOXO2', 'FOXO3', 'FOXO3A']",,2309,[2668],['Mutation'],[],[],[]
1937,FLT3LG,"['FL', 'FLG3L', 'FLT3L', 'FLT3LG']",,2323,[4336],['Expression'],[],[],[]
1938,FLT4,"['CHTD7', 'FLT-4', 'FLT4', 'FLT41', 'LMPH1A', 'LMPHM1', 'PCL', 'VEGFR-3', 'VEGFR3']",,2324,[2205],['Amplification'],[],[],[]
1947,FN1,"['CIG', 'ED-B', 'FINC', 'FN', 'FN1', 'FNZ', 'GFND', 'GFND2', 'LETS', 'MSF', 'SMDCF']",,2335,[3484],['EDB'],[],[],[]
1950,FNTB,"['FNTB', 'FPTB']",,2342,[332],['RS11623866'],[],[],[]
1955,FOS,"['AP-1', 'C-FOS', 'FOS', 'p55']",,2353,"[640, 4595]","['Overexpression', 'Rearrangement']",[],[],[]
1956,FOSB,"['AP-1', 'FOSB', 'G0S3', 'GOS3', 'GOSB']",,2354,[4596],['Rearrangement'],[],[],[]
2104,FUCA1,"['FUCA', 'FUCA1']",,2517,[],[],[],[],[]
2186,GAS6,"['AXLLG', 'AXSF', 'GAS6']",,2621,[652],['EXPRESSION'],[],[],[]
2188,GATA1,"['ERYF1', 'GATA-1', 'GATA1', 'GF-1', 'GF1', 'HAEADA', 'NF-E1', 'NFE1', 'XLANP', 'XLTDA', 'XLTT']",,2623,"[3115, 3057]","['Mutation', 'p.Ser51Alafs*86']",[],[],[]
2189,GATA3,"['GATA3', 'HDR', 'HDRS']",,2625,[4506],['Mutation'],[],[],[]
2239,B4GALT1,"['B4GAL-T1', 'B4GALT1', 'CDG2D', 'CLDLFIB', 'GGTB2', 'GT1', 'GTB', 'beta4Gal-T1']",,2683,[525],['Overexpression'],[],[],[]
2261,GK,"['GK', 'GK1', 'GKD']",,2710,[],[],[],[],[]
2308,GNA11,"['FBH', 'FBH2', 'FHH2', 'GNA-11', 'GNA11', 'HG1K', 'HHC2', 'HYPOC2']",,2767,"[3152, 506, 558, 4413, 4412]","['G209P', 'Mutation', 'Q209', 'Q209L', 'R183C']",[],[],[]
2312,GNAI2,"['GIP', 'GNAI2', 'GNAI2B', 'HG1C', 'H_LUCA15.1', 'H_LUCA16.1']",,2771,[4771],['mutation'],[],[],[]
2317,GNAQ,"['CMAL', 'CMC1', 'G-ALPHA-q', 'GAQ', 'GNAQ', 'SWS']",,2776,"[3153, 505, 507, 604]","['G209P', 'Mutation', 'Q209', 'Q209P']",[],[],[]
2319,GNAS,"['AHO', 'C20orf45', 'GNAS', 'GNAS1', 'GPSA', 'GSA', 'GSP', 'NESP', 'PITA3', 'POH', 'SCG6', 'SgVI']",,2778,"[4507, 876, 826, 1319, 877]","['Mutation', 'R201', 'R201C', 'R201H', 'c.393T>C']",[],[],[]
2345,GOT1,"['AST', 'AST1', 'ASTQTL1', 'GIG18', 'GOT1', 'SGOT', 'cAspAT', 'cCAT']",,2805,[],[],[],[],[]
2354,GPD1,"['GPD-C', 'GPD1', 'GPDH-C', 'HTGTI']",,2819,[],[],[],[],[]
2408,GPX2,"['GI-GPx', 'GPRP', 'GPRP-2', 'GPX2', 'GPx-2', 'GPx-GI', 'GSHPX-GI', 'GSHPx-2']",,2877,[],[],[],[],[]
2438,ARHGAP35,"['ARHGAP35', 'GRF-1', 'GRLF1', 'P190-A', 'P190A', 'p190ARhoGAP', 'p190RhoGAP']",,2909,"[3751, 3429, 3750]","['A865_L870delinsV', 'R997*', 'S866F']",[],[],[]
2473,GSTP1,"['DFN7', 'FAEES3', 'GST3', 'GSTP', 'GSTP1', 'HEL-S-22', 'PI']",,2950,"[250, 259]","['Deletion', 'I105V']",[],[],[]
2478,MSH6,"['GTBP', 'GTMBP', 'HNPCC5', 'HSAP', 'LYNCH5', 'MMRCS3', 'MSH-6', 'MSH6', 'p160']",,2956,"[765, 755, 809, 761, 776, 767, 775]","['I891FS', 'I972F', 'LOSS', 'P138T', 'R1242C', 'R1242H', 'V352I']",[],[],[]
2526,H1-2,"['H1-2', 'H1.2', 'H1C', 'H1F2', 'H1s-1', 'HIST1H1C']",,3006,[4823],['Mutation'],[],[],[]
2527,H1-3,"['H1-3', 'H1.3', 'H1D', 'H1F3', 'H1s-2', 'HIST1H1D']",,3007,[4834],['Mutation'],[],[],[]
2529,H1-5,"['H1', 'H1-5', 'H1.5', 'H1B', 'H1F5', 'H1s-3', 'HIST1H1B']",,3009,[4833],['Mutation'],[],[],[]
2535,H2BC5,"['H2B.1B', 'H2B/a', 'H2B/b', 'H2B/g', 'H2B/h', 'H2B/k', 'H2B/l', 'H2BC5', 'H2BFA', 'H2BFB', 'H2BFG', 'H2BFH', 'H2BFK', 'H2BFL', 'HIRIP2', 'HIST1H2BC', 'HIST1H2BD', 'HIST1H2BE', 'HIST1H2BF', 'HIST1H2BG', 'HIST1H2BI', 'dJ221C16.6']",,3017,[4837],['Mutation'],[],[],[]
2537,H3-3A,"['BRYLIB1', 'H3-3A', 'H3-3B', 'H3.3A', 'H3F3', 'H3F3A']",,3020,"[3587, 3379, 3378, 2421, 3476, 3939, 3594, 2416, 2652]","['G34', 'G34R', 'G34V', 'G34W', 'K27', 'K27M', 'K27R', 'K28M', 'MUTATION']",[],[],[]
2538,H3-3B,"['BRYLIB2', 'H3-3A', 'H3-3B', 'H3.3B', 'H3F3B']",,3021,[2420],['K36M'],[],[],[]
2556,HBB,"['CD113t-C', 'ECYT6', 'HBB', 'beta-globin']",,3043,[4420],['E6V'],[],[],[]
2578,HDAC2,"['HD2', 'HDAC2', 'KDAC2', 'RPD3', 'YAF1']",,3066,"[2595, 3279]","['Expression', 'Overexpression']",[],[],[]
2591,HGF,"['DFNB39', 'F-TCF', 'HGF', 'HGFB', 'HPTA', 'SF']",,3082,[671],['EXPRESSION'],[],[],[]
2593,NRG1,"['ARIA', 'GGF', 'GGF2', 'HGL', 'HRG', 'HRG1', 'HRGA', 'MST131', 'MSTP131', 'NDF', 'NRG1', 'NRG1-IT2', 'SMDF']",,3084,"[314, 2762]","['Expression', 'NRG1 FUSIONS']",[],[],[]
2596,HIF1A,"['HIF-1-alpha', 'HIF-1A', 'HIF-1alpha', 'HIF1', 'HIF1-ALPHA', 'HIF1A', 'MOP1', 'PASD8', 'bHLHe78']",,3091,"[433, 660, 434]","[""3' UTR Polymorphism"", 'EXPRESSION', 'OVEREXPRESSION']",[],[],[]
2606,HLA-A,"['HLA-A', 'HLAA']",,3105,"[5005, 5006, 5007, 5008, 4839]","['*02:01P', '*02:02P', '*02:03P', '*02:06P', 'Mutation']",[],[],[]
2607,HLA-B,"['AS', 'B-4901', 'HLA-B', 'HLAB']",,3106,[4840],['Mutation'],[],[],[]
2608,HLA-C,"['D6S204', 'HLA-C', 'HLA-JY3', 'HLAC', 'HLC-C', 'MHC', 'PSORS1']",,3107,"[821, 4841]","['COPY-NEUTRAL LOSS OF HETEROZYGOSITY', 'Mutation']",[],[],[]
2622,HLA-DRA,"['HLA-DRA', 'HLA-DRA1']",,3122,[423],['EXPRESSION'],[],[],[]
2657,HMOX1,"['HMOX1', 'HMOX1D', 'HO-1', 'HSP32', 'bK286B10']",,3162,[344],['EXPRESSION'],[],[],[]
2677,HNRNPH1,"['HNRNPH1', 'HNRPH', 'HNRPH1', 'NEDCDS', 'hnRNPH']",,3187,[4777],['non-coding mutations'],[],[],[]
2682,HNRNPU,"['DEE54', 'EIEE54', 'GRIP120', 'HNRNPU', 'HNRNPU-AS1', 'HNRPU', 'SAF-A', 'SAFA', 'U21.1', 'hnRNP U', 'pp120']",,3192,[4772],['mutation'],[],[],[]
2698,HOXA13,"['HOX1', 'HOX1J', 'HOXA13']",,3209,[],[],[],[],[]
2700,HOXB1,"['HCFP3', 'HOX2', 'HOX2I', 'HOXB1', 'Hox-2.9']",,3211,[],[],[],[],[]
2715,HOXC10,"['HOX3I', 'HOXC10']",,3226,[3646],['Overexpression'],[],[],[]
2723,HOXD8,"['HOX4', 'HOX4E', 'HOX5.4', 'HOXD8']",,3234,[2845],['mutation'],[],[],[]
2747,HRAS,"['C-BAS/HAS', 'C-H-RAS', 'C-HA-RAS1', 'CTLO', 'H-RASIDX', 'HAMSV', 'HRAS', 'HRAS1', 'RASH1', 'p21ras']",,3265,"[1387, 1394, 274, 1393, 1489, 275, 2570, 1392, 854, 1391]","['G12D', 'G12V', 'G13D', 'G13R', 'G13V', 'Mutation', 'Q61', 'Q61K', 'Q61L', 'Q61R']",[],[],[]
2767,HSD17B4,"['DBP', 'HSD17B4', 'MFE-2', 'MFP-2', 'MPF-2', 'PRLTS1', 'SDR8C1']",,3295,[],[],[],[],[]
2778,HSPA5,"['BIP', 'GRP78', 'HEL-S-89n', 'HSPA5']",,3309,[386],['EXPRESSION'],[],[],[]
2784,HSPB1,"['CMT2F', 'HEL-S-102', 'HMN2B', 'HMND3', 'HS.76067', 'HSP27', 'HSP28', 'HSPB1', 'Hsp25', 'SRP27']",,3315,[400],['EXPRESSION'],[],[],[]
2822,TNC,"['150-225', 'DFNA56', 'GMEM', 'GP', 'HXB', 'JI', 'TN', 'TN-C', 'TNC']",,3371,[3473],['TNC-L'],[],[],[]
2836,IRF8,"['H-ICSBP', 'ICSBP', 'ICSBP1', 'IMD32A', 'IMD32B', 'IRF-8', 'IRF8']",,3394,[4815],['Mutation'],[],[],[]
2840,ID3,"['HEIR-1', 'ID3', 'bHLHb25']",,3399,[4773],['mutation'],[],[],[]
2888,IFNGR1,"['CD119', 'IFNGR', 'IFNGR1', 'IMD27A', 'IMD27B']",,3459,[5020],['Loss'],[],[],[]
2899,IGF1R,"['CD221', 'IGF1R', 'IGFIR', 'IGFR', 'JTK13']",,3480,"[380, 391, 3259]","['EXPRESSION', 'NUCLEAR EXPRESSION', 'Overexpression']",[],[],[]
2967,IL4R,"['CD124', 'IL-4RA', 'IL4R', 'IL4RA']",,3566,[4843],['Mutation'],[],[],[]
2970,IL6,"['BSF-2', 'BSF2', 'CDF', 'HGF', 'HSF', 'IFN-beta-2', 'IFNB2', 'IL-6', 'IL6']",,3569,[2911],['Overexpression'],[],[],[]
2975,IL7R,"['CD127', 'CDW127', 'IL-7R-alpha', 'IL-7Ralpha', 'IL7R', 'IL7RA', 'IL7Ralpha', 'ILRA', 'IMD104', 'lnc-IL7R', 'sIL-7R']",,3575,"[2347, 2348, 2349]","['S185C', 'V253G', 'exon 6 mutations']",[],[],[]
3014,INHBA,"['EDF', 'FRP', 'INHBA']",,3624,[],[],[],[],[]
3017,CXCL10,"['C7', 'CXCL10', 'IFI10', 'INP10', 'IP-10', 'SCYB10', 'crg-2', 'gIP-10', 'mob-1']",,3627,[2984],['EXPRESSION'],[],[],[]
3043,IRF4,"['IRF4', 'LSIRF', 'MUM1', 'NF-EM5', 'SHEP8']",,3662,[4825],['Mutation'],[],[],[]
3083,ITPKB,"['IP3-3KB', 'IP3K', 'IP3K-B', 'IP3KB', 'ITPKB', 'PIG37']",,3707,[4844],['Mutation'],[],[],[]
3090,JAK1,"['AIIDE', 'JAK1', 'JAK1A', 'JAK1B', 'JTK3']",,3716,"[3683, 3682, 5038, 3681, 396, 1291, 614, 2956, 822, 3680, 1292]","['A1086S', 'E483D', 'Mutation', 'N451S', 'OVEREXPRESSION', 'P429S', 'Q503*', 'S646F', 'S703I', 'S729C', 'W690*']",[],[],[]
3091,JAK3,"['JAK-3', 'JAK3', 'JAK3_HUMAN', 'JAKL', 'L-JAK', 'LJAK']",,3718,"[1288, 1290, 1289]","['M511I', 'S61C', 'V722I']",[],[],[]
3094,JUN,"['AP-1', 'AP1', 'JUN', 'c-Jun', 'cJUN', 'p39']",,3725,[639],['Overexpression'],[],[],[]
3153,KDR,"['CD309', 'FLK1', 'KDR', 'VEGFR', 'VEGFR2']",,3791,"[467, 2637, 468, 3649, 3650, 3651, 3648, 2204, 3653, 3350, 502, 3647, 3652]","['A1065T', 'Amplification', 'D717V', 'G800D', 'G800R', 'G843D', 'L840F', 'Overexpression', 'R1022Q', 'R1032Q', 'R961W', 'S1100F', 'S925F']",[],[],[]
3157,KIF3C,['KIF3C'],,3797,[],[],[],[],[]
3215,KRT18,"['CK-18', 'CYK18', 'K18', 'KRT18']",,3875,[446],['UNDEREXPRESSION'],[],[],[]
3236,LAG3,"['CD223', 'LAG3']",,3902,[2208],['EXPRESSION'],[],[],[]
3255,STMN1,"['C1orf215', 'LAP18', 'Lag', 'OP18', 'PP17', 'PP19', 'PR22', 'SMN', 'STMN1']",,3925,[357],['EXPRESSION'],[],[],[]
3274,LEPR,"['CD295', 'LEP-R', 'LEPR', 'LEPRD', 'OB-R', 'OBR']",,3953,[441],['UNDEREXPRESSION'],[],[],[]
3277,LGALS1,"['GAL1', 'GBP', 'LGALS1']",,3956,[],[],[],[],[]
3342,LTB,"['LTB', 'TNFC', 'TNFSF3', 'TNLG1C', 'p33']",,4050,[4847],['Mutation'],[],[],[]
3349,LTF,"['GIG12', 'HEL110', 'HLF2', 'LF', 'LTF']",,4057,[],[],[],[],[]
3359,LYN,"['JTK8', 'LYN', 'SAIDV', 'p53Lyn', 'p56Lyn']",,4067,"[4848, 2917, 1669]","['Mutation', 'OVEREXPRESSION', 'Y508F']",[],[],[]
3362,TACSTD2,"['EGP-1', 'EGP1', 'GA733-1', 'GA7331', 'GP50', 'M1S1', 'TACSTD2', 'TROP2']",,4070,"[2908, 5085]","['Overexpression', 'T256R']",[],[],[]
3364,EPCAM,"['Ber-Ep4', 'BerEp4', 'DIAR5', 'EGP-2', 'EGP314', 'EGP40', 'EPCAM', 'ESA', 'HNPCC8', 'KS1/4', 'KSA', 'LYNCH8', 'M4S1', 'MIC18', 'MK-1', 'MOC-31', 'TACSTD1', 'TROP1']",,4072,"[823, 4556]","[""3' Exon Deletion"", 'c.556â€490_*8438del']",[],[],[]
3375,SMAD2,"['CHTD8', 'JV18', 'JV18-1', 'LDS6', 'MADH2', 'MADR2', 'SMAD2', 'hMAD-2', 'hSMAD2']",,4087,[4312],['S276L'],[],[],[]
3376,SMAD3,"['HSPC193', 'HsT17436', 'JV15-2', 'LDS1C', 'LDS3', 'MADH3', 'SMAD3', 'hMAD-3', 'hSMAD3', 'mad3']",,4088,[3757],['R373H'],[],[],[]
3389,MAGEA4,"['CT1.4', 'MAGE-41', 'MAGE-X2', 'MAGE4', 'MAGE4A', 'MAGE4B', 'MAGEA4']",,4103,[5009],['Expression'],[],[],[]
3408,MAN2A1,"['AMan II', 'GOLIM7', 'MAN2A1', 'MANA2', 'MANII']",,4124,[],[],[],[],[]
3448,MCL1,"['BCL2L3', 'EAT', 'MCL1', 'MCL1-ES', 'MCL1L', 'MCL1S', 'Mcl-1', 'TM', 'bcl2-L-3', 'mcl1/EAT']",,4170,[4730],['Amplification'],[],[],[]
3465,MDM2,"['ACTFS', 'HDMX', 'LSKB', 'MDM2', 'hdm2']",,4193,"[1261, 343, 642, 495]","['Amplification', 'EXPRESSION', 'RS34886328', 'SNP309']",[],[],[]
3466,MDM4,"['BMFS6', 'HDMX', 'MDM4', 'MDMX', 'MRP1']",,4194,"[1268, 1262]","['Amplification', 'EXPRESSION']",[],[],[]
3471,MECP2,"['AUTSX3', 'MECP2', 'MRX16', 'MRX79', 'MRXS13', 'MRXSL', 'PPMX', 'RS', 'RTS', 'RTT']",,4204,[],[],[],[],[]
3475,MEF2C,"['C5DELq14.3', 'DEL5q14.3', 'MEF2C', 'NEDHSIL']",,4208,[4849],['Mutation'],[],[],[]
3480,MAP3K1,"['MAP3K1', 'MAPKKK1', 'MEKK', 'MEKK 1', 'MEKK1', 'SRXY6']",,4214,[5016],['Loss-of-Function Mutation'],[],[],[]
3485,MEN1,"['MEAI', 'MEN1', 'SCG2']",,4221,"[667, 3316]","['FRAMESHIFT TRUNCATION', 'Loss-of-function']",[],[],[]
3512,CIITA,"['C2TA', 'CIITA', 'CIITAIV', 'MHC2D1', 'MHC2TA', 'NLRA']",,4261,[4812],['Mutation'],[],[],[]
3527,MITF,"['CMM8', 'COMMAD', 'MI', 'MITF', 'MITF-A', 'WS2', 'WS2A', 'bHLHe32']",,4286,"[2844, 866]","['Amplification', 'Overexpression']",[],[],[]
3529,MKI67,"['KIA', 'MIB-', 'MIB-1', 'MKI67', 'PPP1R105']",,4288,[624],['EXPRESSION'],[],[],[]
3532,MLH1,"['COCA2', 'FCC2', 'HNPCC', 'HNPCC2', 'LYNCH2', 'MLH-1', 'MLH1', 'MMRCS1', 'hMLH1']","MLH1 is a tumor suppressor gene involved in DNA mismatch repair. Germline mutations in this gene are known to cause Lynch syndrome. The most common malignancies in Lynch syndrome are colorectal and endometrial carcinomas. In addition to germline mutations, somatic mutations in this gene have been described in colorectal and endometrial cancers.",4292,"[748, 752, 760, 746, 725, 662, 730, 759, 757, 2346, 758, 733, 4641, 747, 769, 538, 751, 734, 756, 753, 744, 741, 754, 749, 735, 743, 750, 745, 728, 731]","['*757L', 'A424T', 'A681V', 'D667FS', 'E13fs', 'EXPRESSION', 'G606FS*2', 'G65D', 'G67R', 'Glu34Lys (c.100G>A)', 'I68S', 'K618DEL', 'Loss', 'M1L', 'M490T', 'METHYLATION', 'N551T', 'P138T', 'P536FS', 'Q149*', 'Q426FS', 'R100*', 'R226*', 'R265G', 'R687FS', 'T117M', 'V213FS', 'V49A', 'V534R', 'c.790+1G>A']",[],[],[]
3537,KMT2A,"['ALL-1', 'ALL1', 'CXXC7', 'GAS7', 'HRX', 'HTRX', 'HTRX1', 'KMT2A', 'MLL', 'MLL1', 'MLL1A', 'TRX1', 'WDSTS']",,4297,"[3687, 4936, 3141, 5066]","['Amplification', 'Mutation', 'Rearrangement', 'Translocation']",[],[],[]
3549,MMP2,"['CLG4', 'CLG4A', 'MMP-2', 'MMP-II', 'MMP2', 'MONA', 'TBE-1']",,4313,[487],['SERUM LEVELS'],[],[],[]
3553,MMP9,"['CLG4B', 'GELB', 'MANDP2', 'MMP-9', 'MMP9']",,4318,[488],['SERUM LEVELS'],[],[],[]
3558,MMP14,"['MMP-14', 'MMP-X1', 'MMP14', 'MT-MMP', 'MT-MMP 1', 'MT1-MMP', 'MT1MMP', 'MTMMP1', 'WNCHRS']",,4323,[],[],[],[],[]
3564,MN1,"['CEBALID', 'MGCR', 'MGCR1', 'MGCR1-PEN', 'MN1', 'dJ353E16.2']",,4330,[4993],['Rearrangement'],[],[],[]
3577,MPL,"['C-MPL', 'CD110', 'MPL', 'MPLV', 'THCYT2', 'THPOR', 'TPOR']",,4352,"[2760, 4290, 2667]","['Mutation', 'S204P', 'W515L']",[],[],[]
3586,MRE11,"['ATLD', 'HNGS1', 'MRE11', 'MRE11A', 'MRE11B']",,4361,"[428, 370]","['Frameshift', 'Loss']",[],[],[]
3608,MS,"['MS', 'MS1']",,4397,[],[],[],[],[]
3628,MSH2,"['COCA1', 'FCC1', 'HNPCC', 'HNPCC1', 'LCFS2', 'LYNCH1', 'MMRCS2', 'MSH-2', 'MSH2', 'hMSH2']",,4436,"[763, 773, 770, 2675, 808, 727, 762]","['E28FS', 'E483G', 'K172*', 'L173P', 'Loss', 'R383*', 'V273FS']",[],[],[]
3629,MSH3,"['DUP', 'FAP4', 'MRP1', 'MSH3']",,4437,[3273],['K383fs'],[],[],[]
3659,MTAP,"['BDMF', 'DMSFH', 'DMSMFH', 'HEL-249', 'LGMBF', 'MSAP', 'MTAP', 'c86fus']",,4507,"[4585, 867]","['Deletion', 'Underexpression']",[],[],[]
3672,MTHFR,['MTHFR'],,4524,[258],['A222V'],[],[],[]
3730,MYB,"['Cmyb', 'MYB', 'c-myb', 'c-myb_CDS', 'efg']",,4602,"[2655, 4328, 4882]","['AMPLIFICATION', 'Rearrangement', 'Truncation']",[],[],[]
3731,MYBL1,"['A-MYB', 'AMYB', 'MYBL1']",,4603,[4743],['Rearrangement'],[],[],[]
3733,MYBL2,"['B-MYB', 'BMYB', 'MYBL2']",,4605,[],[],[],[],[]
3737,MYC,"['MRTL', 'MYC', 'MYCC', 'bHLHe39', 'c-Myc']",,4609,"[2564, 1303, 4428]","['Amplification', 'Overexpression', 'Translocation']",[],[],[]
3738,MYCL,"['L-Myc', 'LMYC', 'MYCL', 'MYCL1', 'bHLHe38']",,4610,[670],['EXPRESSION'],[],[],[]
3741,MYCN,"['FGLDS1', 'MODED', 'MPAPA', 'MYCN', 'MYCNsORF', 'MYCNsPEP', 'N-myc', 'NMYC', 'ODED', 'bHLHe37']",,4613,"[298, 3249]","['Amplification', 'Overexpression']",[],[],[]
3742,MYD88,"['IMD68', 'MYD88', 'MYD88D', 'WM1']",,4615,"[424, 292]","['L265P', 'Overexpression']",[],[],[]
3777,MYOD1,"['CMYO17', 'CMYP17', 'MYF3', 'MYOD', 'MYOD1', 'MYODRIF', 'PUM', 'bHLHc1']",,4654,[3032],['L122R'],[],[],[]
3798,CEACAM6,"['CD66c', 'CEACAM6', 'CEAL', 'NCA', 'NCA-50/90']",,4680,[],[],[],[],[]
3801,NBN,"['AT-V1', 'AT-V2', 'ATV', 'NBN', 'NBS', 'NBS1', 'P95', 'hNbs1']",,4683,[853],['Loss'],[],[],[]
3852,NEDD9,"['CAS-L', 'CAS2', 'CASL', 'CASS2', 'HEF1', 'NEDD9']",,4739,[444],['EXPRESSION'],[],[],[]
3857,NEK1,"['ALS24', 'NEK1', 'NY-REN-55', 'OFD2', 'SRPS2', 'SRPS2A', 'SRTD6']",,4750,[],[],[],[],[]
3867,NF1,"['NF1', 'NFNS', 'VRNF', 'WSS']",,4763,"[5135, 5092, 4665, 5101, 5136, 5127, 4643, 5121, 5130, 5122, 698, 587, 5131, 5120, 5096, 5100, 3292, 5133, 5129, 1628, 5134, 5091, 5090, 5123, 5132, 5125, 5126, 5094, 5128, 5098, 5099, 5093, 5095, 5097, 5103, 5102]","['6818A>T', 'D1644H', 'D1976fs', 'G1219E', 'G629R', 'I1445R', 'Inactivating Mutation', 'L1221R', 'L1243R', 'L2118fs*33', 'Loss', 'Mutation', 'N412S', 'Q1189*', 'Q514fs*43', 'R1276*', 'R1276Q', 'R1306*', 'R1509H', 'R163X', 'R304*', 'Splice Site (c.1845+1G>A)', 'Splice Site (c.205-1G>C)', 'Splice Site (c.2850+1G>A)', 'Splice Site (c.3113+1G>A)', 'Splice Site (c.3871-1G>C)', 'Splice Site (c.4110+1G>T)', 'Splice Site (c.654+2T>A)', 'W9*', 'Y1783*', 'Y333*', 'Y489C', 'Y794fs*27', 'p.H2393fs*3', 'p.R1276*', 'p.W426*']",[],[],[]
3870,NF2,"['ACN', 'BANF', 'NF2', 'SCH', 'SWNV', 'merlin-1']",,4771,"[279, 697, 659, 245, 3002]","['K159fs', 'Loss', 'Mutation', 'Y177fs', 'c.1396C>T']",[],[],[]
3878,NFE2L2,"['HEBP1', 'IMDDHH', 'NFE2L2', 'NRF2', 'Nrf-2']",,4780,"[4320, 3960, 3430, 3457, 4322, 2749, 4321]","['E79K', 'E79Q', 'E82D', 'G31A', 'L30F', 'Mutation', 'T80K']",[],[],[]
3885,NFKBIA,"['EDAID2', 'IKBA', 'MAD-3', 'NFKBI', 'NFKBIA']",,4792,[4852],['Mutation'],[],[],[]
3887,NFKBIE,"['IKBE', 'NFKBIE']",,4794,[4804],['Mutation'],[],[],[]
3915,NM,"['GP130', 'NCR', 'NM']",,4827,[],[],[],[],[]
3929,NOS2,"['HEP-NOS', 'INOS', 'NOS', 'NOS2', 'NOS2A']",,4843,[],[],[],[],[]
3935,NOTCH2,"['AGS2', 'HJCYS', 'NOTCH2', 'hN2']",,4853,[4802],['Mutation'],[],[],[]
3936,NOTCH3,"['CADASIL', 'CADASIL1', 'CASIL', 'IMF2', 'LMNS', 'NOTCH3']",,4854,[2578],['Overexpression'],[],[],[]
3976,NT5E,"['CALJA', 'CD73', 'E5NT', 'NT', 'NT5', 'NT5E', 'NTE', 'eN', 'eNT']",,4907,[290],['Overexpression'],[],[],[]
3983,NTRK1,"['MTC', 'NTRK1', 'TRK', 'TRK1', 'TRKA', 'Trk-A', 'p140-TrkA']",,4914,"[4547, 1280, 4510, 2690, 4511, 4302, 3740, 860, 3466]","['ATRX', 'Amplification', 'F589L', 'G595R', 'G667C ', 'G667S', 'NTRK1 amplification', 'Overexpression', 'Point Mutations']",[],[],[]
3984,NTRK2,"['DEE58', 'EIEE58', 'GP145-TrkB', 'NTRK2', 'OBHD', 'TRKB', 'trk-B']",,4915,"[3147, 3144]","['A203T', 'R458G']",[],[],[]
3985,NTRK3,"['GP145-TrkC', 'NTRK3', 'TRKC', 'gp145(trkC)']",,4916,"[1281, 857, 3468, 2855, 2691, 4579, 3467, 3069]","['Amplification', 'EXPRESSION', 'F617L', 'G623E', 'G623R', 'G696A', 'Point Mutations', 'R248C']",[],[],[]
4046,ORC1,"['HSORC1', 'ORC1', 'ORC1L', 'PARC1']",,4998,[4695],['Mutation'],[],[],[]
4093,SERPINE1,"['PAI', 'PAI-1', 'PAI1', 'PLANH1', 'SERPINE1']",,5054,[],[],[],[],[]
4103,PRKN,"['AR-JP', 'LPRS2', 'PARK2', 'PDJ', 'PRKN']",,5071,"[2754, 2753]","['Loss', 'R275W']",[],[],[]
4111,PAX5,"['ALL3', 'BSAP', 'PAX-5', 'PAX5']",,5079,"[4316, 2697]","['Deletion', 'P80R']",[],[],[]
4123,PCBP1,"['HEL-S-85', 'HNRPE1', 'HNRPX', 'PCBP1', 'hnRNP-E1', 'hnRNP-X']",,5093,[4766],['mutation'],[],[],[]
4137,PCNA,"['ATLD2', 'PCNA']",,5111,[2988],['K164R LOSS-OF-MODIFICATION'],[],[],[]
4152,PDCD1,"['CD279', 'PD-1', 'PD1', 'PDCD1', 'SLEB2', 'hPD-1', 'hPD-l', 'hSLE1']",,5133,[],[],[],[],[]
4173,PDGFB,"['IBGC5', 'PDGF-2', 'PDGF2', 'PDGFB', 'SIS', 'SSV', 'c-sis']",,5155,[4003],['Rearrangement '],[],[],[]
4176,PDGFRB,"['CD140B', 'IBGC4', 'IMF1', 'JTK12', 'KOGS', 'PDGFR', 'PDGFR-1', 'PDGFR1', 'PDGFRB', 'PENTT']",,5159,"[5025, 2973]","['C843G', 'Overexpression']",[],[],[]
4244,ABCB1,"['ABC20', 'ABCB1', 'CD243', 'CLCS', 'GP170', 'MDR1', 'P-GP', 'PGY1', 'p-170']",,5243,"[263, 2915, 451, 262]","['I1145I', 'Overexpression', 'S893A/T', 'S893T']",[],[],[]
4285,PIK3CB,"['P110BETA', 'PI3K', 'PI3KBETA', 'PIK3C1', 'PIK3CB']",,5291,[3290],['E1051K'],[],[],[]
4286,PIM1,"['PIM', 'PIM1']",,5292,"[3643, 4856, 494, 3644, 3645]","['L2V', 'Mutation', 'NUCLEAR EXPRESSION', 'P81S', 'S97N']",[],[],[]
4289,PIK3R1,"['AGM7', 'GRB1', 'IMD36', 'PIK3R1', 'p85', 'p85-ALPHA', 'p85alpha']",,5295,[633],['Mutation'],[],[],[]
4290,PIK3R2,"['MPPH', 'MPPH1', 'P85B', 'PIK3R2', 'p85', 'p85-BETA', 'p85beta']",,5296,"[3381, 1652, 2363]","['G373R', 'N561D', 'Overexpression']",[],[],[]
4326,PLCG1,"['IDAA', 'NCKAP3', 'PLC-II', 'PLC1', 'PLC148', 'PLCG1', 'PLCgamma1']",,5335,[4749],['S345F'],[],[],[]
4327,PLCG2,"['APLAID', 'FCAS3', 'PLC-IV', 'PLC-gamma-2', 'PLCG2']",,5336,"[4015, 2170, 4014]","['D1140E', 'MUTATION', 'N571S']",[],[],[]
4337,PLK1,"['PLK', 'PLK1', 'STPK13']",,5347,[2982],['OVEREXPRESSION'],[],[],[]
4371,PMS2,"['HNPCC4', 'LYNCH4', 'MLH4', 'MMRCS4', 'PMS-2', 'PMS2', 'PMS2CL', 'PMSL2']",,5395,"[508, 3575, 768]","['K706FS*19', 'R20Q', 'R315*']",[],[],[]
4383,POLB,['POLB'],,5423,[],[],[],[],[]
4384,POLD1,"['CDC2', 'CRCS10', 'IMD120', 'MDPL', 'POLD', 'POLD1']",,5424,"[1647, 1648, 1642]","['C284Y', 'E374K', 'Y956N']",[],[],[]
4386,POLE,"['CRCS12', 'FILS', 'IMAGEI', 'POLE', 'POLE1']",,5426,"[4313, 4158, 797, 4315, 1830, 1832, 1831]","['L424I', 'L424V', 'Mutation', 'P286H', 'P286R', 'S459F', 'V411L']",[],[],[]
4409,POU2AF1,"['BOB1', 'OBF-1', 'OBF1', 'OCAB', 'POU2AF1']",,5450,[4858],['Mutation'],[],[],[]
4411,POU2F2,"['OCT2', 'OTF2', 'Oct-2', 'POU2F2']",,5452,[4859],['Mutation'],[],[],[]
4419,POU5F1,"['OCT3', 'OCT4', 'OTF-3', 'OTF3', 'OTF4', 'Oct-3', 'Oct-4', 'Oct3/4', 'POU5F1']",,5460,[412],['EXPRESSION'],[],[],[]
4463,PPP2R1A,"['HJS2', 'MRD36', 'PP2A-Aalpha', 'PP2AA', 'PP2AAALPHA', 'PPP2R1A', 'PR65A']",,5518,[3299],['P179R'],[],[],[]
4465,PPP2R2A,"['B55A', 'B55ALPHA', 'PPP2R2A', 'PR52A', 'PR55A', 'PR55alpha']",,5520,[4437],['Mutation'],[],[],[]
4503,PRKAA2,"['AMPK', 'AMPK2', 'AMPKa2', 'PRKAA', 'PRKAA2']",,5563,[385],['T172 PHOSPHORYLATION'],[],[],[]
4511,PRKAR1A,"['ACRDYS1', 'ADOHR', 'CAR', 'CNC', 'CNC1', 'PKR1', 'PPNAD1', 'PRKAR1', 'PRKAR1A', 'Prkar1alpha', 'TSE1']",,5573,[3235],"['PRKAR1A LOH, allelic imbalance 17q']",[],[],[]
4517,PRKCB,"['PKC-beta', 'PKCB', 'PKCI(2)', 'PKCbeta', 'PRKCB', 'PRKCB1', 'PRKCB2']",,5579,"[2468, 4748]","['D427N', 'Mutation']",[],[],[]
4529,PRKDC,"['DNA-PKC', 'DNA-PKcs', 'DNAPK', 'DNAPKc', 'DNPK1', 'HYRC', 'HYRC1', 'IMD26', 'PRKDC', 'XRCC7', 'p350']",,5591,[4860],['Mutation'],[],[],[]
4532,MAPK1,"['ERK', 'ERK-2', 'ERK2', 'ERT1', 'MAPK1', 'MAPK2', 'NS13', 'P42MAPK', 'PRKM1', 'PRKM2', 'p38', 'p40', 'p41', 'p41mapk', 'p42-MAPK']",,5594,"[321, 1552, 320]","['Amplification', 'E278E', 'E322K']",[],[],[]
4542,MAP2K2,"['CFC4', 'MAP2K2', 'MAPKK2', 'MEK2', 'MKK2', 'PRKMK2']",,5605,"[2840, 1398, 2873, 2874, 2872, 2842, 4505, 2843, 2841]","['C125S', 'F57C', 'G132D', 'G132S', 'H123Q', 'L46F', 'Mutation', 'N126D', 'V35M']",[],[],[]
4546,MAP2K7,"['JNKK2', 'MAP2K7', 'MAPKK7', 'MEK', 'MEK 7', 'MKK7', 'PRKMK7', 'SAPKK-4', 'SAPKK4']",,5609,[566],['E116K'],[],[],[]
4566,PRPS1,"['ARTS', 'CMTX5', 'DFN2', 'DFNX1', 'PPRibP', 'PRPS1', 'PRS-I', 'PRSI']",,5631,"[2929, 2928, 2939, 2936, 2935, 2920, 2933, 2922, 2937, 2921, 2919, 2940, 2924, 2923, 2916, 2925, 2926, 2927, 2918, 2938, 2934]","['A190T', 'A190V', 'A87T', 'C77S', 'D139G', 'D183E', 'D183H', 'G174E', 'I72V', 'K176N', 'L191F', 'M115T', 'N114D', 'N144S', 'PRPS1 MUTATION', 'S103I', 'S103N', 'S103T', 'T303S', 'V53A', 'Y311C']",[],[],[]
4616,PSMB8,"['ALDD', 'D6S216', 'D6S216E', 'JMP', 'LMP7', 'NKJO', 'PRAAS1', 'PSMB5i', 'PSMB8', 'RING10']",,5696,[438],['NUCLEAR EXPRESSION'],[],[],[]
4630,PSMD4,"['AF', 'AF-1', 'ASF', 'MCB1', 'PSMD4', 'Rpn10', 'S5A', 'pUB-R5']",,5710,"[1684, 2717]","['Amplification', 'Overexpression']",[],[],[]
4645,PTCH1,"['BCNS', 'BCNS1', 'NBCCS', 'PTC', 'PTC1', 'PTCH', 'PTCH1']",,5727,"[1983, 302, 4608, 301, 1593, 1592, 1590, 1591]","['Deletion', 'LOH', 'Loss-of-function', 'Mutation', 'Q17X', 'Q787X', 'W170X', 'W712X']",[],[],[]
4659,PTGS2,"['COX-2', 'COX2', 'GRIPGHS', 'PGG/HS', 'PGHS-2', 'PHS-2', 'PTGS2', 'hCox-2']",,5743,[619],['Overexpression'],[],[],[]
4682,PTPN6,"['HCP', 'HCPH', 'HPTP1C', 'PTP-1C', 'PTPN6', 'SH-PTP1', 'SHP-1', 'SHP-1L', 'SHP1']",,5777,[2392],['Underexpression'],[],[],[]
4685,PTPN11,"['BPTP3', 'CFC', 'JMML', 'METCDS', 'NS1', 'PTP-1D', 'PTP2C', 'PTPN11', 'SH-PTP2', 'SH-PTP3', 'SHP2']",,5781,"[4248, 2573, 2642, 539]","['A461T', 'D61Y', 'Mutation', 'Overexpression']",[],[],[]
4686,PTPN12,"['PTP-PEST', 'PTPG1', 'PTPN12']",,5782,[2565],['Loss-of-function'],[],[],[]
4690,PTPRB,"['HPTP-BETA', 'HPTPB', 'PTPB', 'PTPRB', 'R-PTP-BETA', 'VEPTP']",,5787,"[819, 3691, 3690]","['Loss-of-function', 'W130R', 'Y309C']",[],[],[]
4692,PTPRD,"['HPTP', 'HPTPD', 'HPTPDELTA', 'PTPD', 'PTPRD', 'R-PTP-delta', 'RPTPDELTA']",,5789,"[327, 3685, 3686, 792]","['Mutation', 'R995C', 'T781A', 'V253I']",[],[],[]
4695,PTPRF,"['BNAH2', 'LAR', 'PTPRF']",,5792,[1258],['EXPRESSION'],[],[],[]
4760,RAD23B,"['HHR23B', 'HR23B', 'P58', 'RAD23B']",,5887,[625],['EXPRESSION'],[],[],[]
4762,RAD51C,"['BROVCA3', 'FANCO', 'R51H3', 'RAD51C', 'RAD51L2']",,5889,[4444],['Mutation'],[],[],[]
4763,RAD51B,"['R51H2', 'RAD51B', 'RAD51L1', 'REC2']",,5890,"[4703, 4443]","['Loss', 'Mutation']",[],[],[]
4765,RAD51D,"['BROVCA4', 'R51H3', 'RAD51D', 'RAD51L3', 'TRAD']",,5892,"[4445, 471]","['Mutation', 'R186*']",[],[],[]
4767,RAF1,"['CMD1NN', 'CRAF', 'NS5', 'RAF1', 'Raf-1', 'c-Raf']",,5894,"[591, 4503, 1680]","['Amplification', 'Mutation', 'R391W']",[],[],[]
4791,RASA1,"['CM-AVM', 'CMAVM', 'CMAVM1', 'GAP', 'PKWS', 'RASA', 'RASA1', 'RASGAP', 'p120', 'p120GAP', 'p120RASGAP']",,5921,[2235],['Loss-of-function'],[],[],[]
4795,RB1,"['OSRC', 'PPP1R130', 'RB', 'RB1', 'p105-Rb', 'p110-RB1', 'pRb', 'pp110']",,5925,"[537, 2674, 606, 638, 799, 547, 632, 4647]","['EXPRESSION', 'IVS20, A-G, -2', 'Loss-of-function', 'M695FS*26', 'Mutation', 'Overexpression', 'PHOSPHORYLATION', 'Wildtype']",[],[],[]
4863,RGS16,"['A28-RGS14', 'A28-RGS14P', 'RGS-R', 'RGS16']",,6004,[],[],[],[],[]
4868,RHEB,"['RHEB', 'RHEB2']",,6009,[2377],['Y35N'],[],[],[]
4875,RIT1,"['NS8', 'RIBB', 'RIT', 'RIT1', 'ROC1']",,6016,"[3591, 3592, 3593, 3588, 297, 296, 3590, 3589]","['A77P', 'A77S', 'F82L', 'M90I', 'Mutation', 'OVEREXPRESSION', 'Q40L', 'Q79L']",[],[],[]
5013,RPS6,"['RPS6', 'S6', 'eS6']",,6194,[395],['PHOSPHORYLATION'],[],[],[]
5051,RRM1,"['PEOB6', 'R1', 'RIR1', 'RR1', 'RRM1']",,6240,"[795, 1257]","['Overexpression', 'Underexpression']",[],[],[]
5052,RRM2,"['C2orf48', 'R2', 'RR2', 'RR2M', 'RRM2']",,6241,[796],['OVEREXPRESSION'],[],[],[]
5087,S100B,"['NEF', 'S100', 'S100-B', 'S100B', 'S100beta']",,6285,[4879],['Expression'],[],[],[]
5112,ATXN7,"['ADCAII', 'ATXN7', 'OPCA3', 'SCA7', 'SGF73']",,6314,"[3602, 3603, 3601, 3600]","['P40Q', 'P42_P43insP', 'Q30R', 'Q39P']",[],[],[]
5128,SCN8A,"['BFIS5', 'CERIII', 'CIAT', 'DEE13', 'EIEE13', 'MED', 'MYOCL2', 'NaCh6', 'Nav1.6', 'PN4', 'SCN8A']",,6334,[1643],['Q225X'],[],[],[]
5167,CX3CL1,"['ABCD-3', 'C3Xkine', 'CX3CL1', 'CXC3', 'CXC3C', 'NTN', 'NTT', 'SCYD1', 'fractalkine', 'neurotactin']",,6376,[2164],['Underexpression'],[],[],[]
5176,SDHA,"['CMD1GG', 'FP', 'MC2DN1', 'NDAXOA', 'PGL5', 'PPGL5', 'SDH1', 'SDH2', 'SDHA', 'SDHF']",,6389,[3134],['R31* (c.91C>T)'],[],[],[]
5177,SDHB,"['CWS2', 'IP', 'MC2DN4', 'PGL4', 'PPGL4', 'SDH', 'SDH1', 'SDH2', 'SDHB', 'SDHIP']",,6390,"[2958, 2411]","['Mutation', 'p.193_196dupSTSC (c.577_588dupAGCACCAGCTGC)']",[],[],[]
5178,SDHC,"['CYB560', 'CYBL', 'PGL3', 'PPGL3', 'QPS1', 'SDH3', 'SDHC']",,6391,[],[],[],[],[]
5179,SDHD,"['CBT1', 'CII-4', 'CWS3', 'MC2DN3', 'PGL', 'PGL1', 'PPGL1', 'QPs3', 'SDH4', 'SDHD', 'cybS']",,6392,[],[],[],[],[]
5200,MAP2K4,"['JNKK', 'JNKK1', 'MAP2K4', 'MAPKK4', 'MEK4', 'MKK4', 'PRKMK4', 'SAPKK-1', 'SAPKK1', 'SEK1', 'SERK1', 'SKK1']",,6416,"[4640, 5015]","['Amplification', 'loss-of-function Mutation']",[],[],[]
5210,SRSF2,"['PR264', 'SC-35', 'SC35', 'SFRS2', 'SFRS2A', 'SRSF2', 'SRp30b']",,6427,"[595, 4304, 4303]","['MUTATION', 'P95H', 'P95L']",[],[],[]
5225,SGK1,"['SGK', 'SGK1']",,6446,"[4808, 693]","['Mutation', 'Overexpression']",[],[],[]
5323,SLC12A2,"['BSC', 'BSC-2', 'BSC2', 'CCC1', 'KILQS', 'NKCC1', 'PPP1R141', 'SLC12A2']",,6558,[],[],[],[],[]
5354,SMARCA2,"['BAF190', 'BIS', 'BRM', 'NCBRS', 'SMARCA2', 'SNF2', 'SNF2L2', 'SNF2LA', 'SWI2', 'Sth1p', 'hBRM', 'hSNF2a']",,6595,"[4319, 4318]","['K755R', 'R1159Q']",[],[],[]
5356,SMARCB1,"['BAF47', 'CSS3', 'INI-1', 'INI1', 'MRD15', 'PPP1R144', 'RDT', 'RTPS1', 'SMARCB1', 'SNF5', 'SNF5L1', 'SWNTS1', 'Sfh1p', 'Snr1', 'hSNFS']",,6598,"[696, 3659, 3202, 4425, 695]","['Deletion', 'LOSS OF NUCLEAR PROTEIN EXPRESSION', 'Loss', 'Single nucleotide variant', 'Underexpression']",[],[],[]
5365,SMO,"['CRJS', 'FZD11', 'Gx', 'PHLS', 'SMO', 'SMOH']",,6608,"[1588, 1276, 1586, 1560, 299, 1561, 1584, 1585, 1570, 300, 1564, 1562, 1589, 1587, 1576, 1563, 1583, 837]","['A459V', 'Amplification', 'C469Y', 'D473G', 'D473H', 'D473Y', 'G497W', 'I408V', 'L412F', 'Mutation', 'Q477E', 'S278I', 'S533N', 'T241M', 'V321M', 'W281C', 'W281L', 'W535L']",[],[],[]
5409,SOS1,"['GF1', 'GGF1', 'GINGF', 'HGF', 'NS4', 'SOS-1', 'SOS1']",,6654,[4107],['E846K'],[],[],[]
5418,SOX10,"['DOM', 'PCWH', 'SOX-10', 'SOX10', 'WS2E', 'WS4', 'WS4C']",,6663,[672],['Loss'],[],[],[]
5461,SQLE,['SQLE'],,6713,[],[],[],[],[]
5494,SST,"['SMST', 'SST', 'SST1']",,6750,[],[],[],[],[]
5499,SSTR5,"['SS-5-R', 'SST5', 'SSTR5']",,6755,[3752],['expression'],[],[],[]
5514,STAT1,"['CANDF7', 'IMD31A', 'IMD31B', 'IMD31C', 'ISGF-3', 'STAT1', 'STAT91']",,6772,"[3992, 2955]","['Expression', 'Overexpression']",[],[],[]
5516,STAT3,"['ADMIO', 'ADMIO1', 'APRF', 'HIES', 'STAT3']",,6774,"[4865, 411]","['Mutation', 'SH2 DOMAIN MUTATION']",[],[],[]
5519,STAT5B,"['GHISID2', 'STAT5', 'STAT5B']",,6777,"[3569, 2986]","['Overexpression', 'Y665F']",[],[],[]
5520,STAT6,"['D12S1644', 'HIES6', 'IL-4-STAT', 'STAT6', 'STAT6B', 'STAT6C']",,6778,[4867],['Mutation'],[],[],[]
5525,SULT1E1,"['EST', 'EST-1', 'ST1E1', 'STE', 'SULT1E1']",,6783,[536],['SNP'],[],[],[]
5534,STK11,"['LKB1', 'PJS', 'STK11', 'hLKB1']",,6794,"[634, 303, 2063, 485, 925, 715, 304]","['D194E', 'EXON 1-2 MUTATION', 'F354L', 'Loss', 'Loss', 'Mutation', 'Underexpression']",[],[],[]
5572,SYK,"['IMD82', 'SYK', 'p72-Syk']",,6850,[305],['OVEREXPRESSION'],[],[],[]
5581,TBXT,"['SAVA', 'T', 'TBXT', 'TFT']",,6862,"[4423, 4422, 4424]","['Amplification', 'Expression', 'Gain']",[],[],[]
5627,TBX2,"['TBX2', 'VETD']",,6909,[4421],['Expression'],[],[],[]
5646,TCF3,"['AGM8', 'AGM8A', 'AGM8B', 'E2A', 'E47', 'ITF1', 'TCF-3', 'TCF3', 'VDIR', 'bHLHb21', 'p75']",,6929,[4763],['mutation'],[],[],[]
5649,ZEB1,"['AREB6', 'BZP', 'DELTAEF1', 'FECD6', 'NIL2A', 'PPCD3', 'TCF8', 'ZEB1', 'ZFHEP', 'ZFHX1A']",,6935,"[376, 5050, 3007]","['Expression', 'Increased Expression', 'Overexpression']",[],[],[]
5654,TCF19,"['SC1', 'TCF-19', 'TCF19']",,6941,[3330],['EXPRESSION'],[],[],[]
5717,TEK,"['CD202B', 'GLC3E', 'TEK', 'TIE-2', 'TIE2', 'VMCM', 'VMCM1']",,7010,"[3408, 2782, 3411, 3409, 3410]","['Cis double mutants', 'R849W', 'R849W and R1108*', 'T1105N and T1106N', 'Y897C and R915C']",[],[],[]
5723,TF,"['HEL-S-71p', 'PRO1557', 'PRO2086', 'TF', 'TFQTL1']",,7018,[2365],['Loss'],[],[],[]
5728,TFAP4,"['AP-4', 'TFAP4', 'bHLHc41']",,7023,[4762],['mutation'],[],[],[]
5729,TFCP2,"['LBP1C', 'LSF', 'LSF1D', 'SEF', 'TFCP2', 'TFCP2C']",,7024,[],[],[],[],[]
5731,NR2F2,"['ARP-1', 'ARP1', 'CHTD4', 'COUPTF2', 'COUPTFB', 'COUPTFII', 'NF-E3', 'NR2F2', 'SRXX5', 'SVP40', 'TFCOUP2']",,7026,[2419],['OVEREXPRESSION'],[],[],[]
5737,TFF3,"['ITF', 'P1B', 'TFF3', 'TFI']",,7033,[339],['EXPRESSION'],[],[],[]
5742,TGFA,"['TFGA', 'TGFA']",,7039,[316],['EXPRESSION'],[],[],[]
5745,TGFB2,"['G-TSF', 'LDS4', 'TGF-beta2', 'TGFB2']",,7042,[],[],[],[],[]
5752,TGFBR3,"['BGCAN', 'TGFBR3', 'betaglycan']",,7049,[2669],['TGFBR3'],[],[],[]
5761,THBS2,"['EDSCLL3', 'THBS2', 'TSP2']",,7058,[417],['UNDEREXPRESSION'],[],[],[]
5777,TIMP1,"['CLGI', 'EPA', 'EPO', 'HCI', 'TIMP', 'TIMP-1', 'TIMP1']",,7076,[377],['Overexpression'],[],[],[]
5814,TMSB4X,"['FX', 'PTMB4', 'TB4X', 'TMSB4', 'TMSB4X']",,7114,[4875],['Mutation'],[],[],[]
5828,TNFAIP3,"['A20', 'AIFBL1', 'AISBL', 'OTUD7C', 'TNFA1P2', 'TNFAIP3']",,7128,[4869],['Mutation'],[],[],[]
5837,TNNT2,"['CMD1D', 'CMH2', 'CMPD2', 'LVNC6', 'RCM3', 'TNNT2', 'TnTC', 'cTnT']",,7139,[],[],[],[],[]
5845,TOP1,"['TOP1', 'TOPI']",,7150,"[5087, 371, 5086, 384]","['-122fs', 'Amplification', 'E418K', 'EXPRESSION']",[],[],[]
5848,TOP2A,"['TOP2', 'TOP2A', 'TOP2alpha', 'TOPIIA', 'TP2A']",,7153,"[383, 3486]","['EXPRESSION', 'TOP2A/90']",[],[],[]
5852,TP53BP1,"['53BP1', 'TDRD30', 'TP53BP1', 'p202', 'p53BP1']",,7158,[2995],['D353E'],[],[],[]
5870,TPT1,"['HRF', 'TCTP', 'TPT1', 'p02', 'p23']",,7178,[2239],['Overexpression'],[],[],[]
5876,HSP90B1,"['ECGP', 'GP96', 'GRP94', 'HEL-S-125m', 'HEL35', 'HSP90B1', 'TRA1']",,7184,[3732],['Overexpression'],[],[],[]
5939,TSPYL1,"['TSPYL', 'TSPYL1']",,7259,[2180],['P62S'],[],[],[]
5970,TYK2,"['IMD35', 'JTK1', 'TYK2']",,7297,[3302],['Pro1104Ala'],[],[],[]
5971,TYMS,"['DKCD', 'HST422', 'TMS', 'TS', 'TYMS']",,7298,"[265, 379, 347, 779, 382]","[""5' TANDEM REPEAT"", 'Amplification', 'Overexpression', 'RS34743033', 'Underexpression']",[],[],[]
5972,TYR,"['ATN', 'CMM8', 'OCA1', 'OCA1A', 'OCAIA', 'SHEP3', 'TYR']",,7299,[4240],['GRCh37/hg19 11q14.3(chr11:88960991-88961138)x160'],[],[],[]
5988,UBE2A,"['HHR6A', 'MRXS30', 'MRXSN', 'RAD6A', 'UBC2', 'UBE2A']",,7319,[4871],['Mutation'],[],[],[]
6009,UBTF,"['CONDBA', 'NOR-90', 'UBF', 'UBF-1', 'UBF1', 'UBF2', 'UBTF']",,7343,[5056],['UBTF-TD'],[],[],[]
6015,UCP2,"['BMIQ4', 'SLC25A8', 'UCP2', 'UCPH']",,7351,[],[],[],[],[]
6023,UGT1A,"['GNT1', 'UGT', 'UGT1', 'UGT1A', 'UGT1A@']",,7361,[363],['EXPRESSION'],[],[],[]
6037,UPP1,"['UDRPASE', 'UP', 'UPASE', 'UPP', 'UPP1']",,7378,[],[],[],[],[]
6054,KDM6A,"['KABUK2', 'KDM6A', 'UTX', 'bA386N14.2']",,7403,"[4310, 2645]","['Loss', 'R1213*']",[],[],[]
6071,VEGFA,"['L-VEGF', 'MVCD1', 'VEGF', 'VEGFA', 'VPF']",,7422,"[334, 2585, 3324, 3325, 3321, 3323, 3322]","['Decreased Peri-therapeutic Expression', 'Overexpression', 'Overexpression of VEGF121', 'Overexpression of VEGF121 and VEGF110', 'VEGF165b Overexpression', 'low ratio of VEGF165b/VEGFtotal', 'overexpression of VEGF-Axxxa']",[],[],[]
6073,VEGFC,"['Flt4-L', 'LMPH1D', 'LMPHM4', 'VEGFC', 'VRP']",,7424,[2970],['Overexpression'],[],[],[]
6104,WEE1,"['WEE1', 'WEE1A', 'WEE1hu']",,7465,"[4872, 2679, 331]","['Mutation', 'Overexpression', 'RS3910384']",[],[],[]
6107,NSD2,"['KMT3F', 'KMT3G', 'MMSET', 'NSD2', 'RAUST', 'REIIBP', 'TRX5', 'WHS', 'WHSC1']",,7468,[4800],['Mutation'],[],[],[]
6119,WNT11,"['HWNT11', 'WNT11']",,7481,[2808],['Overexpression'],[],[],[]
6120,WNT2B,"['WNT13', 'WNT2B']",,7482,[],[],[],[],[]
6143,XPO1,"['CRM-1', 'CRM1', 'XPO1', 'emb', 'exp1']",,7514,[4873],['Mutation'],[],[],[]
6144,XRCC1,"['RCC', 'SCAR26', 'XRCC1']",,7515,"[261, 249]","['Q399R', 'R194W']",[],[],[]
6146,XRCC3,"['CMM6', 'XRCC3']",,7517,[4694],['Mutation'],[],[],[]
6152,YES1,"['HsT441', 'P61-YES', 'YES1', 'Yes', 'c-yes']",,7525,[5000],['Amplification'],[],[],[]
6281,ZNF217,"['ZABC1', 'ZNF217']",,7764,[5064],['Overexpression'],[],[],[]
6317,BTG2,"['APRO1', 'BTG2', 'PC3', 'TIS21']",,7832,[4810],['Mutation'],[],[],[]
6329,CXCR4,"['CD184', 'CXCR4', 'D2S201E', 'FB22', 'HM89', 'HSY3RR', 'LAP-3', 'LAP3', 'LCR1', 'LESTR', 'NPY3R', 'NPYR', 'NPYRL', 'NPYY3R', 'WHIM', 'WHIMS', 'WHIMS1']",,7852,"[405, 4827]","['EXPRESSION', 'Mutation']",[],[],[]
6340,USP7,"['C16DELp13.2', 'DEL16P13.2', 'HAFOUS', 'HAUSP', 'TEF1', 'USP7']",,7874,[4761],['mutation'],[],[],[]
6380,TFEB,"['ALPHATFEB', 'BHLHE35', 'TCFEB', 'TFEB']",,7942,[4648],['Amplification'],[],[],[]
6394,AIMP2,"['AIMP2', 'HLD17', 'JTV-1', 'JTV1', 'P38']",,7965,[3509],['DX2'],[],[],[]
6415,NR4A3,"['CHN', 'CSMF', 'MINOR', 'NOR1', 'NR4A3']",,8013,[4909],['reg_e@[SCPP]::NR4A3'],[],[],[]
6523,LZTR1,"['BTBD29', 'LZTR-1', 'LZTR1', 'NS10', 'NS2', 'SWNTS2']",,8216,"[3331, 2596]","['G248R', 'LOSS-OF-FUNCTION']",[],[],[]
6534,ZRSR2,"['U2AF1-RS2', 'U2AF1L2', 'U2AF1RS2', 'URP', 'ZC3H22', 'ZRSR2']",,8233,[2761],['MUTATION'],[],[],[]
6538,KDM5C,"['DXS1272E', 'JARID1C', 'KDM5C', 'MRX13', 'MRXJ', 'MRXSCJ', 'MRXSJ', 'SMCX', 'XE169']",,8242,[2237],['Mutation'],[],[],[]
6559,ARID1A,"['ARID1A', 'B120', 'BAF250', 'BAF250a', 'BM029', 'C1orf4', 'CSS2', 'ELD', 'MRD14', 'OSA1', 'P270', 'SMARCF1', 'hELD', 'hOSA1']",,8289,"[1293, 4806, 1682, 4753, 1510, 2108, 4746]","['Loss', 'Mutation', 'P1175FS*5', 'Q185*', 'Q456*', 'Underexpression', 'Wildtype']",[],[],[]
6572,AXIN2,"['AXIL', 'AXIN2', 'ODCRCS']",,8313,"[4478, 4980]","['P455K', 'rs143348853']",[],[],[]
6590,H2AC6,"['H2A/l', 'H2AC6', 'H2AFL', 'HIST1H2AC', 'dJ221C16.4']",,8334,[4835],['Mutation'],[],[],[]
6592,H2AC17,"['H2A.1', 'H2A/n', 'H2AC11', 'H2AC13', 'H2AC15', 'H2AC16', 'H2AC17', 'H2AFN', 'HIST1H2AM', 'dJ193B12.1']",,8336,[4836],['Mutation'],[],[],[]
6608,H3C3,"['H3.1', 'H3/c', 'H3C1', 'H3C10', 'H3C11', 'H3C12', 'H3C2', 'H3C3', 'H3C4', 'H3C6', 'H3C7', 'H3C8', 'H3FC', 'HIST1H3C']",,8352,[],[],[],[],[]
6614,H3C2,"['H3/l', 'H3C1', 'H3C10', 'H3C11', 'H3C12', 'H3C2', 'H3C3', 'H3C4', 'H3C6', 'H3C7', 'H3C8', 'H3FL', 'HIST1H3B']",,8358,[2815],['K27M'],[],[],[]
6652,SPOP,"['BTBD32', 'NEDMACE', 'NEDMIDF', 'NSDVS1', 'NSDVS2', 'SPOP', 'TEF2']",,8405,"[3349, 3343, 3345, 3346, 3301, 3280, 3348, 3300, 3347]","['D140G', 'E47K', 'E50K', 'G75R', 'M117I', 'M117V', 'P94A', 'R121Q', 'S80R']",[],[],[]
6676,RAD54L,"['HR54', 'RAD54A', 'RAD54L', 'hHR54', 'hRAD54']",,8438,[4438],['Mutation'],[],[],[]
6772,LGR5,"['FEX', 'GPR49', 'GPR67', 'GRP49', 'HG38', 'LGR5']",,8549,"[3483, 3482]","['LGR5FL', 'delta5']",[],[],[]
6845,AOC3,"['AOC3', 'HPAO', 'SSAO', 'VAP-1', 'VAP1']",,8639,[],[],[],[],[]
6856,SOCS1,"['AISIMD', 'CIS1', 'CISH1', 'JAB', 'SOCS-1', 'SOCS1', 'SSI-1', 'SSI1', 'TIP-3', 'TIP3']",,8651,[4863],['Mutation'],[],[],[]
6862,IRS2,"['IRS-2', 'IRS2']",,8660,[2598],['Amplification'],[],[],[]
6906,ABCC3,"['ABC31', 'ABCC3', 'EST90757', 'MLP2', 'MOAT-D', 'MRP3', 'cMOAT2']",,8714,[407],['Amplification'],[],[],[]
6928,TNFSF14,"['CD258', 'HVEML', 'LIGHT', 'LTg', 'TNFSF14']",,8740,[],[],[],[],[]
6945,TNFRSF14,"['ATAR', 'CD270', 'HVEA', 'HVEM', 'LIGHTR', 'TNFRSF14', 'TR2']",,8764,[4807],['Mutation'],[],[],[]
7009,CFLAR,"['CASH', 'CASP8AP1', 'CFLAR', 'CLARP', 'Casper', 'FLAME', 'FLAME-1', 'FLAME1', 'FLIP', 'I-FLICE', 'MRIT', 'c-FLIP', 'c-FLIPL', 'c-FLIPR', 'c-FLIPS', 'cFLIP']",,8837,[392],['EXPRESSION'],[],[],[]
7014,PROM1,"['AC133', 'CD133', 'CORD12', 'MCDR2', 'MSTP061', 'PROM1', 'PROML1', 'RP41', 'STGD4']",,8842,[393],['EXPRESSION'],[],[],[]
7024,ALDH1A2,"['ALDH1A2', 'DIH4', 'RALDH(II)', 'RALDH2', 'RALDH2-T']",,8854,"[472, 473]","['Overexpression', 'Underexpression']",[],[],[]
7041,SPHK1,"['SPHK', 'SPHK1']",,8877,[345],['OVEREXPRESSION'],[],[],[]
7044,FUBP1,"['FBP', 'FUBP', 'FUBP1', 'hDH V']",,8880,[2755],['LOSS-OF-FUNCTION'],[],[],[]
7074,BCL10,"['BCL10', 'CARMEN', 'CIPER', 'CLAP', 'IMD37', 'c-E10', 'mE10']",,8915,[4809],['Mutation'],[],[],[]
7084,MBD4,"['MBD4', 'MED1', 'TPDS2', 'UVM1']",,8930,[2812],['Frameshift'],[],[],[]
7098,H3C7,"['H3/i', 'H3C1', 'H3C10', 'H3C11', 'H3C12', 'H3C2', 'H3C3', 'H3C4', 'H3C6', 'H3C7', 'H3C8', 'H3FI', 'HIST1H3F']",,8968,[],[],[],[],[]
7194,USP10,"['UBPO', 'USP10']",,9100,[],[],[],[],[]
7222,CCNE2,"['CCNE2', 'CYCE2']",,9134,[3746],['Overexpression'],[],[],[]
7282,AURKB,"['AIK2', 'AIM-1', 'AIM1', 'ARK-2', 'ARK2', 'AURKB', 'AurB', 'IPL1', 'PPP1R48', 'STK-1', 'STK12', 'STK5', 'aurkb-sv1', 'aurkb-sv2']",,9212,[4237],['Overexpression'],[],[],[]
7297,PTTG1,"['EAP1', 'ECRAR', 'HPTTG', 'PTTG', 'PTTG1', 'TUTR1']",,9232,[440],['OVEREXPRESSION'],[],[],[]
7339,S1PR2,"['AGR16', 'DFNB68', 'EDG-5', 'EDG5', 'Gpcr13', 'H218', 'LPB2', 'S1P2', 'S1PR2']",,9294,[4861],['Mutation'],[],[],[]
7351,CD83,"['BL11', 'CD83', 'HB15']",,9308,[4877],['Mutation'],[],[],[]
7356,KLF4,"['EZF', 'GKLF', 'KLF4']",,9314,[3440],['K409Q'],[],[],[]
7411,GRHPR,"['GLXR', 'GLYD', 'GRHPR', 'PH2']",,9380,[4832],['Mutation'],[],[],[]
7451,ABCG2,"['ABC15', 'ABCG2', 'ABCP', 'BCRP', 'BCRP1', 'BMDP', 'CD338', 'CDw338', 'CDw388', 'EST157481', 'GOUT1', 'MRX', 'MXR', 'MXR-1', 'MXR1', 'UAQTL1']",,9429,[260],['Q141K'],[],[],[]
7502,KIF23,"['CDA3', 'CDAIII', 'CDAN3', 'CDAN3A', 'CHO1', 'KIF23', 'KNSL5', 'MKLP-1', 'MKLP1']",,9493,[700],['EXPRESSION'],[],[],[]
7582,WTAP,"['Mum2', 'WTAP']",,9589,[],[],[],[],[]
7608,SNCAIP,"['SNCAIP', 'SYPH1', 'Sph1']",,9627,[4432],['Tandem duplication'],[],[],[]
7611,GNA14,"['GNA14', 'HG1I']",,9630,[],[],[],[],[]
7704,HDAC9,"['ARCND4', 'HD7', 'HD7b', 'HD9', 'HDAC', 'HDAC7', 'HDAC7B', 'HDAC9', 'HDAC9B', 'HDAC9FL', 'HDRP', 'MITR']",,9734,"[3306, 3310]","['Overexpression', 'p.L33R']",[],[],[]
7728,TOX,"['TOX', 'TOX1']",,9760,[4870],['Mutation'],[],[],[]
7777,KEAP1,"['INrf2', 'KEAP1', 'KLHL19']",,9817,[5116],['Mutation'],[],[],[]
7780,CUL7,"['3M1', 'CUL-7', 'CUL7', 'KIAA0076', 'dJ20C7.5']",,9820,[3008],['Overexpression'],[],[],[]
7784,SPATA2,"['PD1', 'PPP1R145', 'SPATA2', 'tamo']",,9825,[],[],[],[],[]
7818,MAGI2,"['ACVRIP1', 'AIP-1', 'AIP1', 'ARIP1', 'MAGI-2', 'MAGI2', 'NPHS15', 'SSCAM']",,9863,[],[],[],[],[]
7882,MAFB,"['DURS3', 'KRML', 'MAFB', 'MCTO']",,9935,[],[],[],[],[]
7909,FGF19,['FGF19'],,9965,[2784],['Overexpression'],[],[],[]
7936,AKT3,"['AKT3', 'MPPH', 'MPPH2', 'PKB-GAMMA', 'PKBG', 'PRKBG', 'RAC-PK-gamma', 'RAC-gamma', 'STK-2']",,10000,"[1227, 1301]","['E17K', 'Overexpression']",[],[],[]
7948,HDAC6,"['CPBHM', 'HD6', 'HDAC6', 'JM21', 'KDAC6', 'PPP1R90']",,10013,[3599],['Overexpression'],[],[],[]
7949,HDAC5,"['HD5', 'HDAC5', 'NY-CO-9']",,10014,[],[],[],[],[]
7953,BCL2L11,"['BAM', 'BCL2L11', 'BIM', 'BOD']",,10018,"[3510, 526]","['Alternative splicing', 'Deletion Polymorphism']",[],[],[]
7954,SH2B3,"['IDDM20', 'LNK', 'SH2B3']",,10019,[699],['RS3184504'],[],[],[]
8032,RAD50,"['NBSLD', 'RAD50', 'RAD502', 'hRad50']",,10111,[2168],['L1237F'],[],[],[]
8132,CD96,"['CD96', 'TACTILE']",,10225,[],[],[],[],[]
8160,SPRY2,"['IGAN3', 'SPRY2', 'hSPRY2']",,10253,[2418],['UNDEREXPRESSION'],[],[],[]
8197,MAEA,"['EMLP', 'EMP', 'GID9', 'HLC-10', 'MAEA', 'P44EMLP', 'PIG5']",,10296,[2994],['E151INT'],[],[],[]
8253,KLF2,"['KLF2', 'LKLF']",,10365,[4845],['Mutation'],[],[],[]
8262,TUBB3,"['CDCBM', 'CDCBM1', 'CFEOM3', 'CFEOM3A', 'FEOM3', 'TUBB3', 'TUBB4', 'beta-4']",,10381,[389],['EXPRESSION'],[],[],[]
8292,YAP1,"['COB1', 'YAP', 'YAP-1', 'YAP1', 'YAP2', 'YAP65', 'YKI']",,10413,[869],['Overexpression'],[],[],[]
8331,MERTK,"['MER', 'MERTK', 'RP38', 'Tyro12', 'c-Eyk', 'c-mer']",,10461,[1299],['OVEREXPRESSION'],[],[],[]
8338,FST,"['FS', 'FST']",,10468,[],[],[],[],[]
8351,HOXB13,"['HOXB13', 'HPC9', 'PSGD']",,10481,[772],['G84E'],[],[],[]
8407,AGR2,"['AG-2', 'AG2', 'AGR2', 'GOB-4', 'HAG-2', 'HEL-S-116', 'HPC8', 'PDIA17', 'RIFTD', 'XAG-2']",,10551,[373],['EXPRESSION'],[],[],[]
8450,SLCO1B1,"['HBLRR', 'LST-1', 'LST1', 'OATP-C', 'OATP1B1', 'OATP2', 'OATPC', 'SLC21A6', 'SLCO1B1']",,10599,"[778, 777]","['N130D', 'RS4149056']",[],[],[]
8508,CTCF,"['CFAP108', 'CTCF', 'FAP108', 'MRD21']",,10664,"[3745, 3289, 3339]","['K365T', 'P378L', 'R377H']",[],[],[]
8516,GNA13,"['G13', 'GNA13', 'HG1N']",,10672,[4759],['mutation'],[],[],[]
8524,DLL3,"['DLL3', 'SCDO1']",,10683,[2209],['Expression'],[],[],[]
8552,STAG3,"['SA3', 'SPGF61', 'STAG3']",,10734,[654],['Underexpression'],[],[],[]
8553,STAG2,"['HPE13', 'MKMS', 'NEDXCF', 'SA-2', 'SA2', 'SCC3B', 'STAG2', 'bA517O1.1']",,10735,"[669, 422]","['MUTATION', 'Underexpression']",[],[],[]
8614,HSPH1,"['HSP105', 'HSP105A', 'HSP105B', 'HSPH1', 'NY-CO-25']",,10808,"[490, 491]","['NUCLEAR EXPRESSION', 'T17 DELETION']",[],[],[]
8665,USP19,"['USP19', 'ZMYND9']",,10869,[],[],[],[],[]
8787,TLK2,"['HsHPK', 'MRD57', 'PKU-ALPHA', 'TLK2']",,11011,[2240],['Amplification'],[],[],[]
8813,PIM2,['PIM2'],,11040,[4857],['Mutation'],[],[],[]
8878,PTPRT,"['PTPRT', 'R-PTP-T', 'RPTP-rho', 'RPTPrho']",,11122,[333],['Promoter Hypermethylation'],[],[],[]
8901,HHLA2,"['B7-H5', 'B7-H7', 'B7H7', 'B7y', 'HHLA2']",,11148,[],[],[],[],[]
8908,PTP4A3,"['PRL-3', 'PRL-R', 'PRL3', 'PTP4A3']",,11156,[378],['OVEREXPRESSION'],[],[],[]
8950,CHEK2,"['CDS1', 'CHEK2', 'CHK2', 'HuCds1', 'LFS2', 'PP1425', 'RAD53', 'TPDS4', 'hCds1']",,11200,"[785, 787, 788, 230, 2959, 4436]","['1100DELC', 'I157T', 'IVS2+1G>A', 'Loss-of-function', 'R474C c.1420C>T', 'mutation']",[],[],[]
8989,SLC6A14,"['BMIQ11', 'SLC6A14']",,11254,[],[],[],[],[]
8996,SP140,"['LYSP100', 'LYSP100-A', 'LYSP100-B', 'SP140']",,11262,[4801],['Mutation'],[],[],[]
9054,RRAS2,"['NS12', 'RRAS2', 'TC21']",,22800,[3433],['Q72L'],[],[],[]
9121,ZHX2,"['AFR1', 'RAF', 'ZHX2']",,22882,[3277],['Overexpression'],[],[],[]
9163,RAB18,"['RAB18', 'RAB18LI1', 'WARBM3']",,22931,[],[],[],[],[]
9171,DKK1,"['DKK-1', 'DKK1', 'SK']",,22943,[340],['NUCLEAR EXPRESSION'],[],[],[]
9216,SPEN,"['HIAA0929', 'MINT', 'RATARS', 'RBM15C', 'SHARP', 'SPEN']",,23013,[4864],['Mutation'],[],[],[]
9236,ZNF292,"['MRD63', 'MRD64', 'Nbla00365', 'ZFP292', 'ZN-16', 'ZNF292', 'Zn-15', 'bA393I2.3']",,23036,[4878],['Mutation'],[],[],[]
9242,PDXDC1,"['LP8165', 'PDXDC1']",,23042,[],[],[],[],[]
9261,SETD1B,"['IDDSELD', 'KMT2G', 'SETD1B', 'Set1B']",,23067,[4862],['Mutation'],[],[],[]
9279,ARHGAP26,"['ARHGAP26', 'GRAF', 'GRAF1', 'OPHN1L', 'OPHN1L1']",,23092,[],[],[],[],[]
9326,CIC,"['CIC', 'MRD45']",,23152,"[1876, 4305, 3431]","['Loss', 'R201W', 'R215W']",[],[],[]
9413,OTUD3,"['DUBA4', 'OTUD3']",,23252,[],[],[],[],[]
9427,MGA,"['MAD5', 'MGA', 'MXD5']",,23269,[4850],['Mutation'],[],[],[]
9533,DICER1,"['DCR1', 'DICER1', 'Dicer', 'Dicer1e', 'GLOW', 'HERNA', 'K12H4.8-LIKE', 'MNG1', 'RMSE2', 'aviD']",,23405,"[2196, 2195, 2051, 2197, 2199, 2198, 2050, 2591, 2200, 2201, 2052, 5111, 4543, 2597, 4542]","['D1709E', 'D1709G', 'D1709N', 'D1810H', 'D1810N', 'D1810Y', 'E1705K', 'E1813 mutations', 'E1813G', 'E1813K', 'E1813Q', 'G1809R', 'Loss-of-function', 'R392fs and E1813D', 'RNase IIIb Mutation']",[],[],[]
9538,SIRT1,"['SIR2', 'SIR2L1', 'SIR2alpha', 'SIRT1']",,23411,[529],['Overexpression'],[],[],[]
9588,BRD4,"['BRD4', 'CAP', 'CDLS6', 'FSHRG4', 'HUNK1', 'HUNKI', 'MCAP']",,23476,[1279],['Overexpression'],[],[],[]
9600,MACF1,"['ABP620', 'ACF7', 'KIAA0754', 'LIS9', 'Lnc-PMIF', 'MACF', 'MACF1', 'OFC4']",,23499,[],[],[],[],[]
9621,KAT6B,"['GTPTS', 'KAT6B', 'MORF', 'MOZ2', 'MYST4', 'ZC2HC6B', 'qkf', 'querkopf']",,23522,[],[],[],[],[]
9705,CBLC,"['CBL-3', 'CBL-SL', 'CBLC', 'RNF57']",,23624,[326],['EXPRESSION'],[],[],[]
9722,PPP1R15A,"['GADD34', 'PPP1R15A']",,23645,[548],['RS557806'],[],[],[]
9935,POT1,"['CMM10', 'CRMCC3', 'GLM9', 'HPOT1', 'PFBMFT8', 'POT1', 'TPDS3']",,25913,[623],['MUTATION'],[],[],[]
9957,SIN3A,"['CHR15DELq24', 'DEL15Q24', 'SIN3A', 'WITKOS']",,25942,[4764],['mutation'],[],[],[]
10024,SETBP1,"['MRD29', 'SEB', 'SETBP1']",,26040,"[2574, 350, 351]","['D868N', 'Exon 4 Mutation', 'G870S']",[],[],[]
10239,DAZAP1,['DAZAP1'],,26528,[4775],['mutation'],[],[],[]
10411,STEAP1,"['PRSS24', 'STEAP', 'STEAP1']",,26872,[],[],[],[],[]
10573,PDCD4,"['H731', 'PDCD4']",,27250,[337],['EXPRESSION'],[],[],[]
10582,SULT1B1,"['ST1B1', 'ST1B2', 'SULT1B1', 'SULT1B2']",,27284,[],[],[],[],[]
11261,MAGEH1,"['APR-1', 'APR1', 'MAGEH', 'MAGEH1']",,28986,[406],['EXPRESSION'],[],[],[]
11289,SETD2,"['HBP231', 'HIF-1', 'HIP-1', 'HSPC069', 'HYPB', 'KMT3A', 'LLS', 'MRD70', 'RAPAS', 'SET2', 'SETD2', 'p231HBP']",,29072,[4720],['Mutation'],[],[],[]
11314,DROSHA,"['DROSHA', 'ETOHI2', 'HSA242976', 'RANSE3L', 'RN3', 'RNASE3L', 'RNASEN']",,29102,[2282],['E518K'],[],[],[]
11322,TBK1,"['AIARV', 'FTDALS4', 'IIAE8', 'NAK', 'T2K', 'TBK1']",,29110,[483],['Overexpression'],[],[],[]
11492,CTAG2,"['CAMEL', 'CT2', 'CT6.2', 'CT6.2a', 'CT6.2b', 'CTAG2', 'ESO2', 'LAGE-1', 'LAGE2B']",,30848,[1274],['Overexpression'],[],[],[]
11587,FOXP3,"['AIID', 'DIETER', 'FOXP3', 'IPEX', 'JM2', 'PIDX', 'XPID']",,50943,[394],['EXPRESSION'],[],[],[]
11761,CRBN,"['CRBN', 'MRT2', 'MRT2A']",,51185,[713],['Mutation'],[],[],[]
11776,NUSAP1,"['ANKT', 'BM037', 'LNP', 'NUSAP', 'NUSAP1', 'PRO0310p1', 'Q0310', 'SAPL']",,51203,[],[],[],[],[]
11781,CLDN18,"['CLDN18', 'SFTA5', 'SFTPJ']",,51208,[5067],['positive'],[],[],[]
11900,UBR5,"['DD5', 'EDD', 'EDD1', 'HYD', 'UBR5']",,51366,[4799],['Mutation'],[],[],[]
11932,DDX41,"['ABS', 'DDX41', 'MPLPF']",,51428,"[4007, 814]","['G530D', 'R164W']",[],[],[]
11941,YTHDF2,"['CAHL', 'DF2', 'HGRG8', 'NY-REN-2', 'YTHDF2']",,51441,[],[],[],[],[]
12063,MPC1,"['BRP44L', 'CGI-129', 'MPC1', 'MPYCD', 'SLC54A1']",,51660,[],[],[],[],[]
12074,SUFU,"['BCNS2', 'JBTS32', 'PRO1280', 'SUFU', 'SUFUH', 'SUFUXL']",,51684,[1982],['Deletion'],[],[],[]
12112,CDK12,"['CDK12', 'CRK7', 'CRKR', 'CRKRS']",,51755,"[236, 2764]","['Loss-of-function', 'Mutation']",[],[],[]
12121,RSF1,"['HBXAP', 'RSF-1', 'RSF1', 'XAP8', 'p325']",,51773,[358],['Amplification'],[],[],[]
12133,BCL11A,"['BCL11A', 'CTIP1', 'DILOS', 'EVI9', 'HBFQTL5', 'SMARCM1', 'ZNF856']",,53335,[4826],['Mutation'],[],[],[]
12271,ERRFI1,"['ERRFI1', 'GENE-33', 'MIG-6', 'MIG6', 'RALT']",,54206,"[691, 2386]","['E384*', 'Underexpression']",[],[],[]
12367,ROBO4,"['AOVD3', 'ECSM4', 'MRB', 'ROBO4']",,54538,[493],['EXPRESSION'],[],[],[]
12422,UGT1A1,"['BILIQTL1', 'GNT1', 'HUG-BR1', 'UDPGT', 'UDPGT 1-1', 'UGT1', 'UGT1A', 'UGT1A1']",,54658,"[729, 732]","['UGT1A1*28', 'UGT1A1*60']",[],[],[]
12446,OTUD4,"['DUBA6', 'HIN1', 'HSHIN1', 'OTUD4']",,54726,[],[],[],[],[]
12555,BCOR,"['ANOP2', 'BCOR', 'MAA2', 'MCOPS2']",,54880,"[4527, 663]","['ITD ', 'Mutation']",[],[],[]
12657,TESC,"['CHP3', 'TESC', 'TSC']",,54997,[],[],[],[],[]
12754,FANCL,"['FAAP43', 'FANCL', 'PHF9', 'POG']",,55120,[4442],['Mutation'],[],[],[]
12790,CEP55,"['C10orf3', 'CEP55', 'CT111', 'MARCH', 'URCC6']",,55165,[],[],[],[],[]
12881,NUDT15,"['MTH2', 'NUDT15', 'NUDT15D']",,55270,[2895],['Inactivating Mutation'],[],[],[]
12903,FBXW7,"['AGO', 'CDC4', 'DEDHIL', 'FBW6', 'FBW7', 'FBX30', 'FBXO30', 'FBXW6', 'FBXW7', 'SEL-10', 'SEL10', 'hAgo', 'hCdc4']",,55294,"[1678, 1677, 637, 281, 3671, 2647, 3672, 1503, 1504, 3673, 1679, 1676]","['G579W', 'L403FS*34', 'Loss-of-function', 'Mutation', 'R465C', 'R465H', 'R479Q', 'R505C', 'R505H', 'R505L', 'R658Q', 'S668FS*39']",[],[],[]
13005,DDX43,"['CT13', 'DDX43', 'HAGE']",,55510,[481],['Overexpression'],[],[],[]
13180,TMEM30A,"['C6orf67', 'CDC50A', 'TMEM30A']",,55754,"[4816, 4817]","['Mutation', 'loss-of-function mutation']",[],[],[]
13185,WDR12,"['WDR12', 'YTM1']",,55759,[2981],['OVEREXPRESSION'],[],[],[]
13276,PBK,"['CT84', 'HEL164', 'Nori-3', 'PBK', 'SPK', 'TOPK']",,55872,"[439, 348]","['NUCLEAR EXPRESSION', 'OVEREXPRESSION']",[],[],[]
13465,POLE4,"['POLE4', 'YHHQ1', 'p12']",,56655,[1646],['A59E'],[],[],[]
13556,EMSY,"['C11orf30', 'EMSY', 'GL002']",,56946,"[5036, 5037]","['Amplification', 'Overexpression']",[],[],[]
13602,ACKR3,"['ACKR3', 'CMKOR1', 'CXC-R7', 'CXCR-7', 'CXCR7', 'GPR159', 'RDC-1', 'RDC1']",,57007,[],[],[],[],[]
13631,KNL1,"['AF15Q14', 'CASC5', 'CT29', 'D40', 'KNL1', 'MCPH4', 'PPP1R55', 'Spc7', 'hKNL-1', 'hSpc105']",,57082,[],[],[],[],[]
13648,CYSLTR2,"['CYSLT2', 'CYSLT2R', 'CYSLTR2', 'GPCR21', 'HG57', 'HPN321', 'KPG_011', 'PSEC0146', 'hGPCR21']",,57105,[3660],['L129Q'],[],[],[]
13724,GFOD3P,"['GFOD3P', 'KIAA0495', 'PDAM', 'TP73-AS1']",,57212,[],[],[],[],[]
13769,SPC25,"['AD024', 'SPBC25', 'SPC25', 'hSpc25']",,57405,[],[],[],[],[]
13783,BIRC6,"['APOLLON', 'BIRC6', 'BRUCE']",,57448,[4876],['Mutation'],[],[],[]
13880,KLHL14,['KLHL14'],,57565,[4846],['Mutation'],[],[],[]
13948,CIP2A,"['CIP2A', 'KIAA1524', 'NOCIVA', 'p90']",,57650,"[474, 475]","['EXPRESSION', 'Underexpression']",[],[],[]
13968,CHD8,"['AUTS18', 'CHD8', 'HELSNF1', 'IDDAM']",,57680,[4756],['mutation'],[],[],[]
14079,OVOL2,"['CHED', 'CHED1', 'CHED2', 'EUROIMAGE566589', 'OVOL2', 'PPCD1', 'ZNF339']",,58495,[4979],['Overexpression'],[],[],[]
14089,KMT2C,"['HALR', 'KLEFS2', 'KMT2C', 'MLL3']",,58508,"[4326, 668]","['Loss', 'Mutation']",[],[],[]
14160,BACH2,"['BACH2', 'BTBD25', 'IMD60']",,60468,"[3754, 3755]","['E788K', 'L24P']",[],[],[]
14195,PAPPA2,"['PAPP-A2', 'PAPP-E', 'PAPPA2', 'PAPPE', 'PLAC3', 'SSDA']",,60676,[1645],['Y1520X'],[],[],[]
14284,PBLD,"['HEL-S-306', 'MAWBP', 'MAWDBP', 'PBLD']",,64081,[2384],['Underexpression'],[],[],[]
14303,CRLF2,"['CRL2', 'CRLF2', 'CRLF2Y', 'TSLPR']",,64109,"[2285, 2279, 2739, 4338, 2277]","['F232C', 'G24R', 'Overexpression', 'Rearrangement ', 'V2del']",[],[],[]
14329,CARD9,"['CANDF2', 'CARD9', 'IMD103', 'hCARD9']",,64170,[],[],[],[],[]
14340,TFB2M,"['Hkp1', 'TFB2M', 'h-mtTFB', 'h-mtTFB2', 'hTFB2M', 'mtTFB2']",,64216,[],[],[],[],[]
14368,NFKBIZ,"['I-kappa-B-zeta', 'IKBZ', 'INAP', 'IkappaB-zeta', 'MAIL', 'NFKBIZ', 'ikB-zeta', 'ikappaBzeta']",,64332,[4853],['3-prime UTR mutation'],[],[],[]
14506,PORCN,"['DHOF', 'FODH', 'MG61', 'PORC', 'PORCN', 'PPN']",,64840,[],[],[],[],[]
14525,RFX7,"['MRD71', 'RFX7', 'RFXDC2']",,64864,[4765],['mutation'],[],[],[]
14591,WNK1,"['HSAN2', 'HSN2', 'KDP', 'PPP1R167', 'PRKWNK1', 'PSK', 'WNK1', 'p65']",,65125,[4760],['mutation'],[],[],[]
14596,SPATS2,"['Nbla00526', 'P59SCR', 'SCR59', 'SPATA10', 'SPATS2']",,65244,[],[],[],[],[]
14892,EPS8L3,"['EPS8L3', 'EPS8R3', 'HYPT5']",,79574,[],[],[],[],[]
14923,GALNT14,"['GALNT14', 'GALNT15', 'GalNac-T10', 'GalNac-T14']",,79623,[3703],['rs9679162'],[],[],[]
14995,NOL9,"['Grc3', 'NET6', 'NOL9']",,79707,[4854],['Mutation'],[],[],[]
15004,TBL1XR1,"['C21', 'DC42', 'IRA1', 'MRD41', 'TBL1XR1', 'TBLR1']",,79718,[4868],['Mutation'],[],[],[]
15013,PALB2,"['BROVCA5', 'FANCN', 'PALB2', 'PNCA3']",,79728,"[532, 541, 2759, 3112, 3463]","['Biallelic Inactivation', 'L531FS*30', 'Mutation', 'Oncogenic Mutations (loss of function alterations)', 'R414X']",[],[],[]
15315,MUS81,"['MUS81', 'SLX3']",,80198,[4702],['Loss'],[],[],[]
15318,FBXO11,"['FBX11', 'FBXO11', 'IDDFBA', 'PRMT9', 'UBR6', 'UG063H01', 'VIT1']",,80204,[4757],['mutation'],[],[],[]
15344,PREX2,"['DEP.2', 'DEPDC2', 'P-REX2', 'PPP1R129', 'PREX2']",,80243,[2364],['R172I'],[],[],[]
15369,TET1,"['CXXC6', 'LCX', 'TET1', 'bA119F7.1']",,80312,[],[],[],[],[]
15403,PDCD1LG2,"['B7DC', 'Btdc', 'CD273', 'PD-L2', 'PDCD1L2', 'PDCD1LG2', 'PDL2', 'bA574F11.2']",,80380,[2207],['EXPRESSION'],[],[],[]
15676,NECTIN4,"['EDSS1', 'LNIR', 'NECTIN4', 'PRR4', 'PVRL4', 'nectin-4']",,81607,[2833],['D594H'],[],[],[]
15716,TLR10,"['CD290', 'TLR10']",,81793,[],[],[],[],[]
15955,BRIP1,"['BACH1', 'BRIP1', 'FANCJ', 'OF']",,83990,[4439],['Mutation'],[],[],[]
16160,HVCN1,"['HV1', 'HVCN1', 'VSOP']",,84329,[4842],['Mutation'],[],[],[]
16180,CARD11,"['BENTA', 'BIMP3', 'CARD11', 'CARMA1', 'IMD11', 'IMD11A', 'PPBL']",,84433,[3073],['MUTATION'],[],[],[]
16348,TUBA1C,"['TUBA1C', 'TUBA6', 'bcm948']",,84790,[],[],[],[],[]
16394,HAVCR2,"['CD366', 'HAVCR2', 'HAVcr-2', 'KIM-3', 'SPTCL', 'TIM3', 'TIMD-3', 'TIMD3', 'Tim-3']",,84868,[486],['Overexpression'],[],[],[]
16489,FAM83A,"['BJ-TSA-9', 'FAM83A']",,84985,[],[],[],[],[]
16494,RBM17,"['RBM17', 'SPF45']",,84991,[],[],[],[],[]
16516,H2BC12,"['H2B/S', 'H2BC12', 'H2BFAiii', 'H2BFT', 'H2BK', 'HIST1H2BK']",,85236,[4838],['Mutation'],[],[],[]
16535,ABCC11,"['ABCC11', 'EWWD', 'MRP8', 'WW']",,85320,[],[],[],[],[]
16656,ABCC10,"['ABCC10', 'EST182763', 'MRP7', 'SIMRP7']",,89845,[408],['Overexpression'],[],[],[]
16661,KLHL6,['KLHL6'],,89857,[4819],['Mutation'],[],[],[]
16802,IL33,"['C9orf26', 'DVS27', 'IL1F11', 'IL33', 'NF-HEV', 'NFEHEV']",,90865,[2980],['Overexpression'],[],[],[]
16872,SLFN11,"['SLFN11', 'SLFN8/9']",,91607,[366],['EXPRESSION'],[],[],[]
17016,NAPRT,"['NAPRT', 'NAPRT1', 'PP3856']",,93100,[374],['Promoter Hypermethylation'],[],[],[]
17340,OSBPL10,"['ORP10', 'OSBP9', 'OSBPL10']",,114884,[4855],['Mutation'],[],[],[]
17370,ZNF554,['ZNF554'],,115196,[],[],[],[],[]
17485,LRG1,"['HMFT1766', 'LRG', 'LRG1']",,116844,[],[],[],[],[]
17817,B4GALNT2,"['B4GALNT2', 'B4GALT', 'GALGT2']",,124872,[],[],[],[],[]
17939,H3C14,"['H3', 'H3.2', 'H3/M', 'H3C13', 'H3C14', 'H3C15', 'H3F2', 'H3FM', 'H3FN', 'HIST2H3C']",,126961,[3944],['K27M'],[],[],[]
18353,VPS37A,"['HCRP1', 'PQBP2', 'SPG53', 'VPS37A']",,137492,[868],['Underexpression'],[],[],[]
18364,PXDNL,"['PMR1', 'PRM1', 'PXDNL', 'VPO2']",,137902,[1644],['P1460T'],[],[],[]
18420,AMER1,"['AMER1', 'FAM123B', 'OSCS', 'WTX']",,139285,[2276],['R358X'],[],[],[]
18440,FOXR2,"['FOXN6', 'FOXR2']",,139628,[4575],['Rearrangement'],[],[],[]
19300,CDCA2,"['CDCA2', 'PPP1R81', 'Repo-Man']",,157313,[],[],[],[],[]
19838,ARID2,"['ARID2', 'BAF200', 'CSS6', 'SMARCF3', 'ZIPZAP', 'p200']",,196528,[2996],['R1273* (c.3817C>T)'],[],[],[]
19896,FAAP20,"['C1orf86', 'FAAP20', 'FP7162']",,199990,[5065],['loss'],[],[],[]
19959,FLCN,"['BHD', 'DENND8B', 'FLCL', 'FLCN']",,201163,"[2232, 2231, 3727]","['Loss', 'Mutation', 'c.1285dupC']",[],[],[]
20168,MPEG1,"['IMD77', 'MPEG1', 'MPG1', 'MPS1', 'Mpg-1', 'P-2']",,219972,[4851],['Mutation'],[],[],[]
20480,RICTOR,"['AVO3', 'PIA', 'RICTOR', 'hAVO3']",,253260,[573],['Amplification'],[],[],[]
20800,RGL4,"['RGL4', 'Rgr']",,266747,[],[],[],[],[]
20910,NEAT1,"['LINC00084', 'NCRNA00084', 'NEAT1', 'TP53LC15', 'TncRNA', 'VINC']",,283131,[],[],[],[],[]
21153,CAVIN1,"['CAVIN', 'CAVIN1', 'CGL4', 'FKSG13', 'PTRF', 'cavin-1']",,284119,[],[],[],[],[]
21380,RABL3,"['PNCA5', 'RABL3']",,285282,[2773],['MUTATION'],[],[],[]
21634,P2RY8,"['P2RY8', 'P2Y8']",,286530,[4767],['mutation'],[],[],[]
21926,LUZP2,"['KFSP2566', 'LUZP2', 'PRO6246']",,338645,[],[],[],[],[]
22163,EZHIP,"['CATACOMB', 'CXorf67', 'EZHIP', 'KIP75']",,340602,[],[],[],[],[]
22231,ATXN1L,"['ATXN1L', 'BOAT', 'BOAT1']",,342371,[1879],['Loss'],[],[],[]
22479,SERINC2,"['FKSG84', 'PRO0899', 'SERINC2', 'TDE2', 'TDE2L']",,347735,[],[],[],[],[]
22884,GJB7,"['CX25', 'GJB7', 'bA136M9.1', 'connexin25']",,375519,[],[],[],[],[]
22949,MALAT1,"['HCN', 'LINC00047', 'MALAT1', 'NCRNA00047', 'NEAT2', 'PRO2853']",,378938,[],[],[],[],[]
24374,EML6,['EML6'],,400954,[4075],['EML6::NTRK3'],[],[],[]
24873,MIR143,"['MIR143', 'MIRN143', 'mir-143']",,406935,[],[],[],[],[]
24899,MIR185,"['MIR185', 'MIRN185', 'miR-185']",,406961,[],[],[],[],[]
24929,MIR21,"['MIR21', 'MIRN21', 'hsa-mir-21', 'miR-21', 'miRNA21']",,406991,[2978],['Overexpression'],[],[],[]
24938,MIR218-1,"['MIR218-1', 'MIRN218-1', 'mir-218-1']",,407000,"[476, 498]","['EXPRESSION', 'UNDEREXPRESSION']",[],[],[]
24957,MIR28,"['MIR28', 'MIRN28', 'hsa-mir-28', 'miR-28']",,407020,[],[],[],[],[]
24972,MIR31,"['MIR31', 'MIRN31', 'hsa-mir-31', 'miR-31']",,407035,[],[],[],[],[]
24974,MIR320A,"['MIR320A', 'MIRN320', 'MIRN320A', 'hsa-mir-320a', 'mir-320a']",,407037,[],[],[],[],[]
25984,EID3,"['EID3', 'NS4EB', 'NSE4B', 'NSMCE4B']",,493861,[],[],[],[],[]
26547,MIR484,"['MIR484', 'MIRN484', 'hsa-mir-484', 'mir-484']",,619553,[],[],[],[],[]
26594,SNHG6,"['HBII-276HG', 'NCRNA00058', 'SNHG6', 'U87HG']",,641638,[],[],[],[],[]
26599,ECSCR,"['ARIA', 'ECSCR', 'ECSM2']",,641700,[492],['EXPRESSION'],[],[],[]
27421,LINC00520,"['C14orf34', 'LASSIE', 'LEENE', 'LINC00520', 'LncRNA00520']",,645687,[],[],[],[],[]
28004,ANXA8,"['ANX8', 'ANXA8', 'CH17-360D5.2']",,653145,[],[],[],[],[]
28522,SNHG4,"['NCRNA00059', 'SNHG4', 'U19H']",,724102,[],[],[],[],[]
28686,LINC00460,['LINC00460'],,728192,[],[],[],[],[]
29688,CDKN2B-AS1,"['ANRIL', 'CDKN2B-AS', 'CDKN2B-AS1', 'CDKN2BAS', 'NCRNA00089', 'PCAT12', 'p15AS']",,100048912,[],[],[],[],[]
32083,KLLN,"['CWS4', 'KILLIN', 'KLLN']",,100144748,[711],['PROMOTER METHYLATION'],[],[],[]
33873,MEF2B,"['MEF2B', 'RSRFR2']",,100271849,[4784],['mutation'],[],[],[]
35066,HOTTIP,"['HOTTIP', 'HOXA-AS6', 'HOXA13-AS1', 'NCRNA00213']",,100316868,[],[],[],[],[]
37206,MIR3174,['MIR3174'],,100422841,[],[],[],[],[]
41522,PRNCR1,"['CARLo-3', 'PCAT8', 'PRNCR1']",,101867536,[2787],['rs1456315'],[],[],[]
41692,ELFN1-AS1,"['ELFN1-AS1', 'MYCLo-2']",,101927125,[],[],[],[],[]
43065,PIK3CD-AS2,['PIK3CD-AS2'],,101929074,[],[],[],[],[]
56400,COX2,"['COII', 'MTCO2']",,4513,[3734],['Overexpression'],[],[],[]
56415,ND1,['MTND1'],,4535,[4581],['c.1971T>G'],[],[],[]
